Q No.,Question,Answer
1,"লামিয়ার চুল ৮ ইঞ্চি লম্বা। সে যদি ৩ ইঞ্চি কেটে ফেলে, তাহলে তার চুল কত লম্বা হবে?",৫
2,রায়হানের মা ২১ টি পিঠা তৈরি করেছেন। করিমের বাবা ৯ টি  খেয়েছেন। কয়টা কুকি বাকি আছে?,১২
3,"একটি সিনেমা থিয়েটার প্রাপ্তবয়স্কদের জন্য ৭.৫০ টাকা এবং শিশুদের জন্য ৪.৫০ টাকা চার্জ করে। একটি সিনেমা দেখানোর রসিদ ছিল ৫৪০ টাকা। যদি ৮০  টি টিকিট বিক্রি হয়, তাহলে কতটি প্রাপ্তবয়স্ক টিকিট বিক্রি হয়েছে তা খুঁজে বের করুন।",৬০
4,"দুটি সংখ্যার যোগফল ১৮। যদি ছোট সংখ্যাটির দ্বিগুণ বড়টির চেয়ে ৬ বেশি হয়, তাহলে ছোট সংখ্যাটি নির্ণয় করুন।",৮
5,মেলিসার ৮৮ টি কলা আছে। জোশুয়া মেলিসার সাথে আর ৪ টি শেয়ার করেছেন। মেলিসার কতটি কলা থাকবে।,৯২
6,ছোট সংখ্যাটি খুঁজুন যার যোগফল ১৪৭ এবং একটি অন্যটির ০.৩৭৫ গুন থেকে ৪ বড়।,৪৩
7," একটি সংখ্যা  অন্যটির দ্বিগুণের চেয়ে ৯ কম, এবং তাদের যোগফল ৪২। বড় সংখ্যাটি কত।",২৫
8,"দুটি সংখ্যার যোগফল ১৮। যদি ছোট সংখ্যাটির দ্বিগুণ বড়টির চেয়ে ৬ বেশি হয়, তাহলে ছোট সংখ্যা এবং বড় সংখ্যাটি নির্ণয় করুন।",৮
9,"দুইটি সংখ্যার মধ্যে একটি অন্যটির তিনগুণ। তাদের যোগফল ১২৪ হলে, বড় সংখ্যাটি কত।",৯৩
10,"একটি পূর্ণসংখ্যা অন্যটির দ্বিগুণ, এবং তাদের যোগফল হল ৯৬। বড় পূর্ণসংখ্যাটি খুঁজুন।",৬৪
11,"এই বছর একটি গাড়ির মূল্য ১৬০০০ ডলার, যা গত বছরের মূল্যের ০.৮ গুন। গত বছরের গাড়ির মূল্য কত।",২০০০০
12,"ধরুন আপনি ১০০০০ ডলার বিনিয়োগ করেছেন, কিছু অংশ ৬% বার্ষিক সুদে এবং বাকিটা ৯% বার্ষিক সুদে। আপনি যদি এক বছর পর ৬৮৪ ডলার সুদে পেয়ে থাকেন, তাহলে আপনি ৬% বার্ষিক সুদে কত টাকা বিনিয়োগ করেছেন?",৭২০০
13,৫ এবং একটি সংখ্যার যোগফল ২০। সংখ্যাটি নির্ণয় কর।,১৫
14,অ্যাডাম বিড়ালের খাবারের ৯ প্যাকেজ কিনেছিলেন যাতে প্রতিটিতে ১০ টি ক্যান ছিল। এছাড়াও তিনি কুকুরের খাবারের ৭ প্যাকেজ কিনেছেন যার প্রতিটির ভিতরে ৫ টি ক্যান রয়েছে। সব মিলিয়ে কত ক্যান পোষা খাবার আছে তার।,১২৫
15,"একটি বিমান দুটি পৃথক উইং ট্যাঙ্কে সঞ্চিত মোট ৩৬ গ্যালন জ্বালানি নিয়ে একটি ফ্লাইট শুরু করে। ফ্লাইটের সময়, একটি ট্যাঙ্কে ২৫% জ্বালানী ব্যবহৃত হয় এবং অন্য ট্যাঙ্কে ৩৭.৫% জ্বালানী ব্যবহৃত হয়। মোট ব্যবহৃত জ্বালানি ১১.২ গ্যালন হলে, প্রতিটি ট্যাঙ্কে কত পরিমাণ জ্বালানি সংরক্ষিত হয়।",১৮.৪০
16,নীলার কাছে ৯ টি নীল বেলুন ছিল এবং সে আরও ২ টি পেয়েছে। নীলার কাছে এখন কতটি নীল বেলুন আছে?,১১
17,পিতা পুত্রের বর্তমান বয়সের পার্থক্য ১৫ বছর । ৩০ বছর পর তাদের  বয়সের পার্থক্য কত হবে?,১৫
18,১৭১৬ মিটার লম্বা একটি ভারকে ৭৮টি সমানভাগে ভাগ করা হলে প্রতিভাগের দৈর্ঘ্য কত মিটার হবে?,২২
19,৮৫ কেজি চালের দাম ২২৯৫ টাকা হলে ১ কেজি চালের দাম কত?,২৭
20,তোমার কাছে ২৭৮৪টি পুঁতি আছে। একটি মালা তৈরি করতে ৯৮টি পুঁতি লাগে। সবগুলো পুঁতি ব্যবহার করে তুমি এরূপ কতটি মালা তৈরি করতে পারবে?,২৮
21,৫০০টি পেনসিল থেকে প্রতি বক্সে ১২টি করে পেনসিল রাখলে কতটি বক্সের প্রয়োজন পড়বে?,৪২
22,তুমি ৯৯ জন খেলোয়াড় থেকে ১১ সদস্য বিশিষ্ট কতটি ফুটবল দল গঠন করতে পারবে ?,৯
23, রূপা ও মনির কাছে একসাথে ৮৭৫ টাকা রয়েছে। মনির কাছে রূপার চেয়ে ১২৫ টাকা বেশি রয়েছে। মনির কাছে কত টাকা আছে ?,৫০০
24, রূপা ও মনির কাছে একসাথে ৮৭৫ টাকা রয়েছে। মনির কাছে রূপার চেয়ে ১২৫ টাকা বেশি রয়েছে। রূপার কাছে কত টাকা আছে ?,৩৭৫
25,পিতা-পুত্রের বয়সের সমষ্টি ৫৫ বছর। পিতার বয়স পুত্রের বয়সের ৪ গুণ। পিতার বয়স কত?,৪৪
26,৪টি মুরগি এবং ৩টি হাঁসের দাম একত্রে ৬৩৯ টাকা। ১টি হাঁসের দাম ৮৫ টাকা হলে ১টি মুরগির দাম কত ?,৯৬
27,এমন একটি সংখ্যা নির্ণয় কর যা ১৫৪৩ থেকে ৫০০ বড়।,২০৪৩
28,"গ্রামবাসীরা গ্রামের রাস্তা মেরামতের জন্য টাকা তোলার সিদ্ধান্ত নিলেন । গ্রামে ৩২৪টি পরিবার আছে। প্রত্যেক পরিবার যদি ২৫০ টাকা করে জমা দেয়, তাহলে সর্বমোট কত টাকা হবে ?",৮১০০০
29,"একটি কোম্পানির ব্যবসায় ৯৫২০০ টাকা লাভ হলো এবং তা কর্মচারীদের মধ্যে সমানভাবে ভাগ করে দেওয়ার সিদ্ধান্ত হলো । যদি প্রত্যেক কর্মচারী ৮০০ টাকা করে পান, তাহলে কর্মচারীর সংখ্যা কত?",১১৯
30,আলতাফ সাহেবের মাসিক বেতন ৯৮৭০ টাকা। প্রতি মাসে তিনি ৩৮০০ টাকা বাসা ভাড়া বাবদ এবং ৫৬৫০ টাকা পরিবারের প্রয়োজন বাবদ খরচ করেন। অবশিষ্ট টাকা তিনি একটি ব্যাংকে জমা রাখেন। তিনি বছরে কত টাকা ব্যাংকে জমা রাখেন?,৫০৪০
31,১৮টি ডিমের দাম ৭২ টাকা। এরূপ ১৫টি ডিম ক্রয় করতে কত টাকার প্রয়োজন?,৬০
32,৪টি কলমের মূল্য ৮০ টাকা। ১০টি কলমের মূল্য কত?,২০০
33,১২টি প্লেট এবং ২০টি কাপের মূল্য একত্রে ৩৯২০ টাকা। একটি কাপের মূল্য ১৪৫ টাকা। একটি প্লেটের মূল্য কত ?,৮৫
34,"একটি মুদি দোকানে একটি খাতা ১৮ টাকায়, একটি পেনসিল ৮ টাকায় এবং একটি জ্যামিতিক ত্রিকোণি ২৫ টাকায় বিক্রি হয়। আমরা ৪টি খাতা, ৮টি পেনসিল এবং ২টি জ্যামিতিক ত্রিকোণ কেনার সময় ৫০০ টাকা দিলে কত টাকা ফেরত পাব।",৩১৪
35,একটি মোটরসাইকেল ১২ লিটার পেট্রল দিয়ে ৩০০ কি.মি. যেতে পারে। ১০০ কি.মি. যাওয়ার জন্য কত লিটার পেট্রল লাগবে?,৪
36,২টি গরু এবং ৩টি ছাগলের মূল্য একত্রে ৪৫০৮০ টাকা। একটি ছাগলের মূল্য ৪৫৬০ টাকা। একটি গরুর মূল্য কত ?,১৫৭০০
37,জালাল সাহেবের মাসিক বেতন ৮৭৬৫ টাকা। প্রতি মাসে তিনি ৩২২৫ টাকা বাড়িভাড়া এবং ৪৮৫০ টাকা অন্যান্য জিনিস ক্রয়ে খরচ করেন। অবশিষ্ট টাকা তিনি ব্যাংকে জমা রাখেন। তিনি ৮ মাসে কত টাকা জমা করেন?,৫৫২০
38,ফরিদা এবং ফাতেমার বেতন একত্রে ১৯৯৫০ টাকা । ফরিদা অপেক্ষা ফাতেমা ২৪৫০ টাকা বেশি পায়। ফরিদার বেতন কত ?,৮৭৫০
39,ফরিদা এবং ফাতেমার বেতন একত্রে ১৯৯৫০ টাকা । ফরিদা অপেক্ষা ফাতেমা ২৪৫০ টাকা বেশি পায়। ফাতেমার বেতন কত ?,১১২০০
40,রাজু এবং রনির একত্রে ৬৯০টি লিচু আছে। রাজু অপেক্ষা রনির ৮৬টি লিচু কম আছে। রাজুর কতটি লিচু আছে?,৩৮৮
41,রাজু এবং রনির একত্রে ৬৯০টি লিচু আছে। রাজু অপেক্ষা রনির ৮৬টি লিচু কম আছে।রনির কতটি লিচু আছে?,৩০২
42,মা এবং পুত্রের বয়সের সমষ্টি ৬০ বছর। মায়ের বয়স পুত্রের বয়সের ৩ গুণ। মায়ের বয়স কত?,৪৫
43,মা এবং পুত্রের বয়সের সমষ্টি ৬০ বছর। মায়ের বয়স পুত্রের বয়সের ৩ গুণ। পুত্রের বয়স কত?,১৫
44,"ভাজক ৭৮, ভাগফল ২৫ এবং ভাগশেষ হলো ভাজকের এক তৃতীয়াংশ। ভাজ্য কত?",১৯৭৬
45,"ভাজ্য ৮৯০৩, ভাজক ৮৭ এবং ভাগশেষ ২৯। ভাগফল কত?",১০২
46,একটি কারখানায় ৭ দিনে ২৫২০টি সাইকেল তৈরি হয়। ওই কারখানায় ৩ সপ্তাহে কতটি সাইকেল তৈরি হবে?,৭৫৬০
47,আয়েশা ৭২ টাকা দিয়ে ৩টি খাতা কিনল। ১২টি খাতা কিনতে তার কত টাকা লাগবে ?,২৮৮
48,"যদি ৮ কেজি পোলাওয়ের চালের মূল্য ৯৬০ টাকা হয়, তাহলে ৪৮০০ টাকা দিয়ে কত কেজি চাল কেনা যাবে?",৪০
49,গিতার কাছে ১১/৬ লিটার ও মামুনের কাছে  ১৩/৬ লিটার জুস আছে। মামুনের কত লিটার বেশি জুস আছে?,১/৩
50,৭/৫ মি ও ৪/৫ মি দৈর্ঘ্যের দুইটি ফিতা একত্রে কত মিটার?,১১/৫
51,গিতার কাছে ১৩/৮ লিটার ও মামুনের কাছে ১১/৬ লিটার জুস আছে। মামুনের জুসের পরিমাণ কত বেশি ?,৫/২৪
52,"এক বক্স আইসক্রিম তৈরিতে ২/৭ লিটার দুধ প্রয়োজন হয়। এরকম ৩ বক্স
আইসক্রিম তৈরি করতে কত লিটার দুধ প্রয়োজন ?",৬/৭
53,একটি বোর্ডের ৩/৪ বর্গ মি রঙিন করতে ১ ডেসি লিটার রং লাগে। ৪ ডেলি লিটার রং দ্বারা কত বর্গ মিটার রং করা যাবে?,৩
54,এক বাটি পায়েস তৈরি করতে ২ কিলোগ্রাম চিনি লাগে। এরূপ ১৪ বাটি পায়েস তৈরি করতে কত কিলোগ্রাম চিনি লাগবে ?,২৮
55,"৪/৫ লিটার শরবত ২ জনকে সমানভাবে ভাগ করে দিলে প্রত্যেকে কত লিটার
শরবত পাবে ?",২/৫
56,৮/৯ লিটার দুধ ৫ জনকে সমানভাবে ভাগ করে দিলে প্রত্যেকে কত লিটার দুধ পাবে?,৮/৪৫
57,"৩/৫ বর্গ মি ক্ষেত্রফল এর জন্য ২ ডেসি লিটার রং লাগে। ১ ডেসি লিটার রং দ্বারা কত বর্গ মিটার
ক্ষেত্রফল রং করা যাবে?",৩/১০
58,১ ডেসি লি রং দ্বারা ৮/৯ বর্গ মিটার রং করা যায় । ৫/৮ ডেসি লি রং দ্বারা কত বর্গ মিটার রং করা যাবে?,৫/৯
59,"একটি বাগানের ক্ষেত্রফল ২০ বর্গ মিটার। এই বাগানের ৫/৬ অংশ ফুল চাষ করা হয়েছে, চাষ করা অংশের ক্ষেত্রফল কত বর্গ মিটার?",১৬.৬৬
60,"৪টি দুধের প্যাকেটের প্রত্যেকটিতে ০.২ লিটার করে দুধ আছে। সব প্যাকেটের দুধ
একত্র করলে কত লিটার দুধ হবে ?",০.৮০
61,৫টি কাপ আছে যার প্রত্যেকটির ওজন ০.৩ কেজি। ৫টি কাপের ওজন একত্রে কত ?,১.৫০
62,৭ প্যাকেট দুধের প্রত্যেকটিতে ০.০৮ লিটার দুধ আছে। এরূপ ৭টি প্যাকেটে মোট কত লিটার দুধ আছে ?,০.৫৬
63,"একটি মোটরসাইকেল প্রতি সেকেন্ডে ০.০২ কি.মি. যায়। ৮ সেকেন্ডে কত কিলোমিটার
যায় ?",০.১৬
64,"আমরা ০.৬ লিটার দুধকে ৩ জন শিক্ষার্থীর মধ্যে সমানভাবে ভাগ করতে চাই।
প্রত্যেক শিক্ষার্থী কত লিটার দুধ পাবে ?",০.২০
65,৫ জন শিক্ষার্থী ৪.৫ মিটার ফিতা নিজেদের মধ্যে সমানভাবে ভাগ করতে চায়। প্রত্যেকে কত মিটার ফিতা পাবে ?,০.৯০
66,"একটি পাত্রে ০.৬৩ লিটার তেল আছে। ঐ তেল ৭টি কাপে সমানভাবে ঢালা হলে, প্রত্যেক কাপে কত লিটার তেল থাকবে ?",০.০৯
67,"আমরা ২ লিটার দুধকে ৫ জন শিক্ষার্থীর মধ্যে সমানভাবে ভাগ করতে চাই।
প্রত্যেক শিক্ষার্থী কত লিটার দুধ পাবে ।",০.৪০
68,একজন শিক্ষক ৭৫ জন শিক্ষার্থীর প্রত্যেককে ০.২৪ মিটার করে ফিতা দিলেন। তিনি সকল শিক্ষার্থীকে মোট কত মিটার ফিতা দিলেন ?,১৮
69,এক ঝুড়ি ফলের ওজন ২.৫৬৫ কেজি হলে এরূপ ১২টি ঝুড়ির ফলের ওজন কত ?,৩০.৭৮
70,একটি প্যাকেটে ০.৩৩৪ লিটার দুধ আছে। এরূপ ৫০টি প্যাকেটে কত লিটার দুধ আছে ?,১৬.৭০
71,"৩৫.২৮ লিটার তেল ৯টি পরিবারের মধ্যে সমানভাবে ভাগ করে দিলে প্রত্যেক পরিবার কত লিটার
তেল পাবে ?",৩.৯২
72,১২টি কাপের ওজন একত্রে ৬.৬ কেজি হলে প্রত্যেকটির ওজন কত ?,০.৫৫
73,এক ইঞ্চি সমান ২.৫৪ সে.মি। ৮.৫ ইঞ্চি সমান কত সে.মি?,২১.৫৯
74,একটি গাড়ি এক ঘণ্টায় ৪২.৮ কি.মি. যায়। ১৫.৫ ঘণ্টায় গাড়িটি কত কি.মি. যায় ?,৬৬৩.৪০
75,একটি গাড়ি ২.৫ ঘণ্টায় ১১৪.৫ কি.মি. যায়। গাড়িটি এক ঘণ্টায় কত কি.মি. যায় ?,৪৫.৮০
76,সখিপুর গ্রামের মোট জনসংখ্যা ১২৮০ জন। তার মধ্যে ৪০% লোক শিক্ষিত। শিক্ষিত লোকের সংখ্যা নির্ণয় কর।,৫১২
77,দশ লাখ টাকার জন্য মোট কয়টা দুইশত টাকার নোট প্রয়োজন?,৫০০০
78,দশ হাজার টাকার জন্য মোট কয়টা পাঁচশত টাকার নোট প্রয়োজন?,২০
79,৫% মুনাফা হারে ১০ বছরে ১০০০০ টাকা থেকে কত টাকা লাভ পাওয়া যাবে?,৫০০০
80,নাদিমের কাছে ৫ টাকা ছিল। দোকানে তিনি একটি নতুন খেলায় ২ টাকা ব্যয় করেছিলেন। তিনি যদি তার ভাতার জন্য আরও ৫ টাকা পান তবে তার কাছে এখন কি পরিমাণ অর্থ রয়েছে?,৮
81,বাপ্পি ঘণ্টায় ৪ মাইল বেগে ৫ মাইল হাঁটছিলেন। বাপ্পি কত ঘন্টা ধরে হাঁটছিলেন?,১.২৫
82,"আব্দুল্লাহ ১ মিটার লম্বা একটি রেখা আঁকেন। তারপর তিনি বুঝতে পারলেন যে এটি কিছুটা দীর্ঘ। সুতরাং, তিনি এটির ৩৩ সেন্টিমিটার মুছে ফেলেছেন। ফলে রেখার দৈর্ঘ্য  এখন কত সে.মি.?",৬৭ 
83,পার্কে আখরোট গাছ আছে ৬টি। পার্কের কর্মীরা আজ ৪টি গাছ অপসারণ করবে। শ্রমিকদের কাজ শেষ করার পর পার্কে কতটি আখরোট গাছ থাকবে?,২
84,স্পার্স বাস্কেটবল দলে ২২ জন খেলোয়াড় রয়েছে। প্রতিটি খেলোয়াড়ের ১১টি বাস্কেটবল রয়েছে। তাদের সব মিলিয়ে কতটি বাস্কেটবল আছে?,২৪২
85,জোয়ান এই বছর ১৪টি ফুটবল খেলায় গিয়েছিলেন। তিনি এই বছর এবং গত বছর মোট ৩১টি গেমে গিয়েছিলেন। জোয়ান গত বছর কতটি ফুটবল খেলায় গিয়েছিলেন?,১৭
86,১২টি কলম এবং ৩০টি খাতার মূল্য একত্রে ১৯২ টাকা। একটি কলমের মূল্য ৬ টাকা হলে একটি খাতার মূল্য কত টাকা?,৪
87,তিনটি সংখ্যার যোগফল ৫৪৫২ । দুইটি সংখ্যা ২৫৬৩ ও  ১২৪৫ হলে অপর সংখাটি কত?,১৬৪৪
88,সীতা অপেক্ষা রায়হানের ৩৯০ টাকা বেশি আছে। শিমুল অপেক্ষা সীতার ৪৭০ টাকা কম আছে। শিমুলের কাছে ৮৯০ টাকা আছে। সীতার কাছে  কত টাকা আছে?,৪২০
89,সীতা অপেক্ষা রায়হানের ৩৯০ টাকা বেশি আছে। শিমুল অপেক্ষা সীতার ৪৭০ টাকা কম আছে। শিমুলের কাছে ৮৯০ টাকা আছে। রায়হানের কাছে কত টাকা আছে?,৮১০
90,একটি পার্কে একটি বট গাছ ও একটি পাইন গাছ আছে। ১৫০ বছর পূর্বে গাছ দুইটির বয়সের যোগফল ছিল ২৯৬১ বছর। বর্তমানে পাইন পাছটির বয়স ১৪৩২ বছর। ২০০ বছর পর পাইন গাছটির বয়স কত বছর হবে?,১৬৩২
91,একটি পার্কে একটি বট গাছ ও একটি পাইন গাছ আছে। ১৫০ বছর পূর্বে গাছ দুইটির বয়সের যোগফল ছিল ২৯৬১ বছর। বর্তমানে পাইন পাছটির বয়স ১৪৩২ বছর। বর্তমানে বট গাছটির বয়স কত বছর হবে?,১৮২৯
92,একটি পার্কে একটি বট গাছ ও একটি পাইন গাছ আছে। ১৫০ বছর পূর্বে গাছ দুইটির বয়সের যোগফল ছিল ২৯৬১ বছর। বর্তমানে পাইন পাছটির বয়স ১৪৩২ বছর। ২০০ বছর পর গাছ দুইটির বয়সের যোগফল কত হবে?,৩৬৬১
93,একটি পার্কে একটি বট গাছ ও একটি পাইন গাছ আছে। ১৫০ বছর পূর্বে গাছ দুইটির বয়সের যোগফল ছিল ২৯৬১ বছর। বর্তমানে পাইন পাছটির বয়স ১৪৩২ বছর। বর্তমানে গাছ দুইটির বয়সের যোগফল কত বছর হবে?,৩২৬১
94,একটি পার্কে একটি বট গাছ ও একটি পাইন গাছ আছে। ১৫০ বছর পূর্বে গাছ দুইটির বয়সের যোগফল ছিল ২৯৬১ বছর। বর্তমানে পাইন পাছটির বয়স ১৪৩২ বছর। ২০০ বছর পর বট গাছটির বয়স কত বছর হবে?,২০২৯
95,মা এবং পুত্রের বয়সের সমষ্টি ৬০ বছর। মায়ের বয়স পুত্রের বয়সের ৩ গুণ। তাহলে মায়ের বয়স কত বছর?,৪৫
96,মা এবং পুত্রের বয়সের সমষ্টি ৬০ বছর। মায়ের বয়স পুত্রের বয়সের ৩ গুণ। তাহলে পুত্রের বয়স কত বছর?,১৫
97,রাবেয়া ১৫৩ টাকা দিয়ে ৩টি খাতা কিনল।তাহলে ১২টি খাতা কিনতে তার কত টাকা লাগবে?,৬১২
98,২টি গরু এবং ৩টি ছাগলের মূল্য একত্রে ৪৫০৮০ টাকা। একটি ছাগলের মূল্য ৪৫৬০ টাকা। তাহলে একটি গরুর মূল্য কত টাকা?,১৫৭০০
99,নাজমুল এবং জহিরের বেতন একত্রে ১৯৯৫০ টাকা । নাজমুল অপেক্ষা জহির ২৪৫০ টাকা বেশি পায়। নাজমুল কত টাকা বেতন পায়?,৮৭৫০
100,নাজমুল এবং জহিরের বেতন একত্রে ১৯৯৫০ টাকা । নাজমুল অপেক্ষা জহির ২৪৫০ টাকা বেশি পায়। জহির কত টাকা বেতন পায়?,১১২০০
101,রাজদীপের বাবা তাদের পেয়ারা বাগান থেকে ১২৫টি পেয়ারা প্রতিটি ২ টাকা দামে বারুইপুর বাজারে বিক্রি করলেন। তিনি যে টাকা পেলেন তা দিয়ে প্রতিটি ৫ টাকা দামের ২টি পেন ও প্রতিটি ২০ টাকা দামের ২টি খাতা কিনলেন। বাকি টাকা তাদের দুই ভাই-বোনকে মিষ্টি খাওয়ার জন্য সমান ভাগে ভাগ করে দিলেন। রাজদীপ কত টাকা পেল দেখি।,১০০
102,"সব চেয়ে ছোট সংখ্যা খুঁজি যা ১৮, ২৪, ৪২ দিয়ে বিভাজ্য। ",৫০৪
103,সব চেয়ে বড় সংখ্যা খুঁজি যা দিয়ে ৪৫ ও ৬০ কে ভাগ করলে কোনো ভাগশেষ থাকবে না।,১৫
104,দুটি সংখ্যার ল.সা.গু ও গ.সা.গু যথাক্রমে ২৫২ ও ৬; সংখ্যা দুটির গুণফল কত তা হিসাব করি।,১৫১২
105,দুটি সংখ্যার গ.সা.গু ও ল.সা.গু যথাক্রমে ৮ ও ২৮০; একটি সংখ্যা ৫৬ হলে অপর সংখ্যাটি কত হিসাব করি। ,৪০
106,দুটি সংখ্যার গ.সা.গু ১ এবং গুনফল ৩০। ছোট সংখ্যাটি লিখি।,২
107,দুটি সংখ্যার গ.সা.গু ১ এবং গুনফল ৩০। বড় সংখ্যাটি লিখি।,১৫
108,৪৮ টি রসগোল্লা ও ৬৪টি সন্দেশ কোনোটি না ভেঙে সবচেয়ে বোশি কতজনকে সমান সংখ্যায় দেওয়া যাবে দেখি।,১৬
109,বিভাস ও তার বন্ধুরা মিলে ৮ জন অথবা ১০ জন করে সদস্য নিয়ে নাটকের একটি দল তৈরির কথা ভাবল। কমপক্ষে কতজন থাকলে উভয়প্রকার দল তৈরি করতে পারবে হিসাব করি। ,৪০
110,"যদুনাথ বিদ্যামন্দির স্কুলের ষষ্ঠ শ্রেণির ছাত্রছাত্রীদের, স্কুলের বাগানে লাগানোর জন্য পঞ্চায়েত থেকে ফুলগাছের চারা পাঠিয়েছে। হিসাব করে দেখা গেল চারাগুলিকে ২০টি, ২৪টি বা ৩০ টি সারিতে লাগালে প্রতিক্ষেত্রে প্রতিসারিতে সমান চারা থাকে। পঞ্চায়েত থেকে কমপক্ষে কতগুলি চারা পাঠিয়েছিল হিসাব করে দেখি।",১২০
111,একটি ইঞ্জিনের সামনের চাকার পরিধি ১৪ ডেসিমি. এবং পিছনের চাকার পরিধি ৩৫ ডেসিমি.। কমপক্ষে কত পথ গেলে চাকা দুটি একই সঙ্গে পূর্ণসংখ্যক বার ঘোরা সম্পূর্ণ ঘুরবে হিসাব করি। ,৭০
112,"আমার কাছে একটি বড়ো চকোলেট আছে। আমি সেই চকোলেটকে সমান ৮টি টুকরো করে তার ৩টি টুকরো বোনকে, ২টি টুকরো ভাইকে দিলাম ও বাকি টুকরোগুলি নিজে খেলাম। আমি চকোলেটের কত অংশ পেলাম দেখি। ",৩/৮
113,"আমার কাছে একটি বড়ো চকোলেট আছে। আমি সেই চকোলেটকে সমান ৮টি টুকরো করে তার ৩টি টুকরো বোনকে, ২টি টুকরো ভাইকে দিলাম ও বাকি টুকরোগুলি নিজে খেলাম। বোন চকোলেটের কত অংশ পেলাম দেখি। ",৩/৮
114,"আমার কাছে একটি বড়ো চকোলেট আছে। আমি সেই চকোলেটকে সমান ৮টি টুকরো করে তার ৩টি টুকরো বোনকে, ২টি টুকরো ভাইকে দিলাম ও বাকি টুকরোগুলি নিজে খেলাম। ভাই চকোলেটের কত অংশ পেলাম দেখি। ",১/৪
115,১ থেকে ১০ পর্যন্ত পূর্ণসংখ্যাগুলির মধ্যে মোট পূর্ণ সংখ্যার কত অংশ মৌলিক সংখ্যা আছে খুঁজি।,২/৫
116,ঝুড়িতে কিছু কমলালেবু আছে। অর্ধেক লেবু দাদুকে দেওয়ার পরে ঝুড়িতে ২টি লেবু পড়ে রইল। দাদুকে দেওয়ার আগে ঝুড়িতে কটি লেবু ছিল হিসাব করি। ,৪
117, স্কুলের গেটে ৫/৭ অংশ রং করা হয়ে গেছে। কত অংশ রং করতে এখনো বাকি আছে হিসাব করি।,২/৭
118, আমার কাছে ২০ টাকা আছে। আমি ৫ টাকা খরচ করলাম। আমি আমার টাকার কত অংশ খরচ করলাম হিসাব করি।,১/৪
119, আমার কাছে ২০ টাকা আছে। আমি ৫ টাকা খরচ করলাম। আমার টাকার কত অংশ এখনও আমার কাছে আছে হিসাব করি।,৩/৪
120,রাজিয়ার কাছে ৩৬টি ফুল আছে। সে তার মোট ২/৩ ফুলের অংশ আমাকে দেবে। রাজিয়া কতগুলি ফুল আমাকে দেবে হিসাব করি। ,২৪
121,আজ টিফিনের সময়ে স্কুলের সম্পূর্ণ ভরতি জলের ট্যাঙ্কের ১/৪ অংশ জল খরচ হয়েছে। ছুটির সময়ে দেখা গেল আরও ১/৩ অংশ জল খরচ হয়েছে। ছুটির পরে ট্যাঙ্কের কত অংশ জল পড়ে আছে দেখি।,৫/১২
122,রতনবাবু তাঁর ২৫বিঘা জমির মধ্যে ১৬ বিঘা জমিতে পাট চাষ করেছেন। কিন্তু উষাদেবী তাঁর ১৫ বিঘা জমির মধ্যে ৮ বিঘা জমিতে পাট চাষ করেছেন। হিসাব করে দেখি রতনবাবু তার জমির কত অংশে পাট চাষ করেছেন।,১৬/২৫
123,রতনবাবু তাঁর ২৫বিঘা জমির মধ্যে ১৬ বিঘা জমিতে পাট চাষ করেছেন। কিন্তু উষাদেবী তাঁর ১৫ বিঘা জমির মধ্যে ৮ বিঘা জমিতে পাট চাষ করেছেন। হিসাব করে দেখি উষাদেবী তার জমির কত অংশে পাট চাষ করেছেন।,৮/১৫
124,আমার ১৫ মিটার লম্বা সাদা ফিতা আছে। আমি ১/৩ অংশ কেটে নিলাম। কত লম্বা সাদা ফিতে পড়ে রইল বের করি।,১০
125,আমার কাছে ৫ টাকা ছিল। আমি ৩.৫০ টাকার পেন কিনেছি। কত টাকা পড়ে আছে দেখি।,১.৫০
126,২.৭৫ এর সাথে কত যোগ করলে ৩ পাব দেখি।,০.২৫
127,মীরা ১২.৫ সে.মি.. দৈর্ঘ্যের দড়ি থেকে ৮.৫ দৈর্ঘ্যের দড়ি কেটে নিল। এখন কত দৈর্ঘ্যের দড়ি পড়ে আছে দেখি।,৪
128,"বাড়িতে অনুষ্ঠানের জন্য বাবা ২০০ টাকার চাল, ১২৫.৫০ টাকার ডাল ও ২৪২.৫০ টাকার সবজি এনেছেন বাবা মোট কত টাকা খরচ করেছেন হিসাব করি।",৫৬৮
129,লংজাম্প প্রতিযোগিতায় শাহিল ১৮২.৮৮ সে.মি.. লাফিয়েছে আর মুন্না লাফিয়েছে ১৭৯.২৫ সে.মি..। শাহিল কত বেশি লাফিয়েছে।,৩.৬৩
130,৫ থেকে কত বিয়োগ করলে ২.১৭২ পাব দেখি।,২.৮২৮
131,৪.১৫ থেকে ২.৬৪৭ বিয়োগফলের সঙ্গে কত যোগ করলে ১০ পাব দেখি।,৮.৪৯৭
132,ইছামতী নদীর পাড়ের একটি অংশ বাঁধাই করতে ৪০ জন শ্রমিকের ৩৫ দিন সময় লাগে। ২৮ দিনের মধ্যে ওই অংশ বাঁধাতে কতজন শ্রমিক লাগবে হিসাব করি।,৫০
133,"রাজীব, দেবাঙ্গনা, মাসুম ও তাজমীরা ৬ দিনে ১৫০টি অংম করতে পারে। হিসাব করে দেখি প্রত্যেকে প্রতিদিন সমপরিমাণ অঙ্ক করলে রাজীব ও তাজমীরা কত দিনে ২৫০ টি অঙ্ক করতে পারবে।",২০
134,২ জন এক দিনে একটি দরজার ১/৩ অংশ পালিশ করতে পারে। ২ দিনে দরজার ২/৩ অংশ পালিশ করতে হলে কতজন লাগবে হিসাব করি।,২
135,৫০০ জন ছাত্রের মিড-ডে মিলের জন্য ১ সপ্তাহে ১৭৫ কিগ্রা. চাল লাগে। ৭৫ কিগ্রা. চাল খরচ করার পর ৪০০ জন ছাত্রের বাকি চালে কত দিন চলবে হিসাব করি।,৫
136,৩৬০ বিঘা জমি ২০ দিনে চাষ করতে ৪টি ট্রাক্টর লাগে। ১৮০০ বিঘা জমি ১০ দিনে চাষ করতে হলে কটি ট্রাক্টর লাগবে হিসাব করি ।,৪০
137,একটি মেলায় ১২টি জেনারেটর দৈনিক ৬ ঘণ্টা চালালে ৭ দিনে মজুত তেল খরচ হয়। দৈনিক ৪ ঘণ্টা চালালে ৯ দিনে ওই মজুত তেলে কটি জেনারেটর চালানো যাবে হিসাব করি।,১৪
138,১৫টি ভ্যান ৪০ মিনিটে ৭৫ কুইন্ট্যাল সবজি টানতে পারে। ২০টি ভ্যান ১০০ কুইন্ট্যাল সবজি টানতে কত সময় নেবে হিসাব করি।,৪০
139,হোস্টেলে ২০ জন ছাত্রের ৩০ দিনের জন্য ১৫০ কিগ্রা. আটা মজুদ রাখা আছে। কিন্তু ৩০ কিগ্রা. আটা নষ্ট হয়ে গেছে ও ৫ জন ছাত্র বাড়ি চলে গেছে। বাকি আটায় অবশিষ্ট ছাত্রের কত দিন চলবে হিসাব করি।,৩২
140,দুটি সংখ্যার যোগফল ৮২৯৪৫১৯৫; একটি সংখ্যা ৬৯১০০২৭৮ হলে অপর স্যংখাটি কত হিসাব করি।,১৩৮৪৪৯১৭
141,দুটি সংখ্যার বিয়োগফল ২৮৩৫১০৩৬; একটি সংখ্যা ৩০৫২৯১৭৯ হলে অপর সংখ্যাটি কত হিসাব করি।,২১৭৮১৪৩
142,বকুলতলার একটি কারখানায় গতবছরে ৭৫২১২০০ টাকা আয় হয়েছিল। এবছর আরও ৩২৫০৩২৫ টাকা আয় হলে দু-বছরে মোট কত টাকা আয় হলো হিসাব করি।,১০৭৭১৫২৫
143,দুটি সংখ্যার গুণফল ১৫০৫০৪৯০; একটি সংখ্যা ৫ হলে অপরটি কত দেখি।,৩০১০০৯৮
144,"সমীরবাবু সম্পত্তি বিক্রি করে ৩৫৬২৯৮৫০ টাকা পান। তিনি সেই টাকা থেকে ১০০৬২০০০ টাকা স্ত্রীকে, ১৩০৫০০০০ টাকা তিন ছেলেমেয়েদের মধ্যে সমান ভাগে ভাগ করে দিলেন। বাকি টাকা গ্রামের স্কুল তৈরিতে দান করলেন। হিসাব করে দেখি- তিনি প্রতি ছেলেমেয়েকে কত টাকা দিলেন।",৪৩৫০০০০
145,"সমীরবাবু সম্পত্তি বিক্রি করে ৩৫৬২৯৮৫০ টাকা পান। তিনি সেই টাকা থেকে ১০০৬২০০০ টাকা স্ত্রীকে, ১৩০৫০০০০ টাকা তিন ছেলেমেয়েদের মধ্যে সমান ভাগে ভাগ করে দিলেন। বাকি টাকা গ্রামের স্কুল তৈরিতে দান করলেন। হিসাব করে দেখি-
তিনি গ্রামের বিদ্যালয় তৈরিতে কত টাকা দান করলেন।",১২৫১৭৮৫০
146,"একটি শহরের লোকসংখ্যা দুই কোটি আটানব্বই লক্ষ বাহাত্তর হাজার ছয়শো। এদের মধ্যে পুরুষ ১২৫০০৫০০ জন ও মহিলা ৮৮৭২৪৩৫ জন হলে, শিশুদের সংখ্যা কত হিসাব করি।",৮৪৯৯৬৬৫
147,২৩৪৫৬৭ এর সাথে কোন ক্ষুদ্রতম সংখ্যা যোগ করলে যোগফল ৮৩৫ দ্বারা বিভাজ্য হবে দেখি।,৬৮
148,একটি সংস্থা একজন চিত্রকরের আঁকা দুটি ছবি কিনেছেন যথাক্রমে ৯০০০০০ টাকা ও ২০০০০০০ টাকায় এবং আর একজন চিত্রকরের আঁকা দুটি ছবি কিনেছেন যথাক্রমে ৩০২১৬৩৬ টাকা ও ১৭৬১০৮৪ টাকায়। চারটি ছবি কিনতে ওই সংস্থা মোট কত টাকা খরচ করেছে দেখি।,৭৬৮২৭২০
149,কোনো একটি দেশের ক্ষেত্রফল প্রায় ৩২৮৭২৬৩ বর্গকিলোমিটার। এর মধ্যে বনভূমি প্রায় ৭৫৪৭৪০ বর্গকিলোমিটার ও নদী অববাহিকা ২৫০৩০০০ বর্গকিলোমিটার জুড়ে। বনভূমি ও নদী অববাহিকা বাদে বাকি অংশের ক্ষেত্রফল কত দেখি।,২৯৫২৩
150,আজ বাবা ১০ লিটার খাবার জল কাছের টিউবয়েল থেকে এনেছেন। মা ১/৫ অংশ জলে রান্না করলেন। বাকি জলের ১/৪ অংশ জল খাওয়ার পরে এখনও কত জল পড়ে আছে হিসাব করি।,৬
151,একটি বালতিতে ১/২ লিটার জল ধরে। এনরকম ৭টি বালতিতে কত লিটার জল ধরে হিসাব করি।,৭/২
152,অখিলবাবু অবসর গ্রহণের পর তার সম্পত্তির ১/৪ অংশ পাড়ার লাইব্রেরিতে দান করেন। বাকি সম্পত্তির ১/৬ অংশ স্ত্রীকে দেন। বাকি অংশ দুই ছেলের মধ্যে সমান ভাগে ভাগ করে। হিসাব করি দেখি অখিলবাবু স্ত্রীকে কত অংশ সম্পত্তি দিলেন।,১/৮
153,অখিলবাবু অবসর গ্রহণের পর তার সম্পত্তির ১/৪ অংশ পাড়ার লাইব্রেরিতে দান করেন। বাকি সম্পত্তির ১/৬ অংশ স্ত্রীকে দেন। বাকি অংশ দুই ছেলের মধ্যে সমান ভাগে ভাগ করে। হিসাব করি দেখি অখিলবাবু দুই ছেলের প্রত্যেককে কত অংশ সম্পত্তি দিলেন।,৫/১৬
154,১৫০ টাকার ১/২ অংশ থেকে কত টাকা নিলে ৩০ টাকা পড়ে থাকবে।,৪৫
155,৬/৭ এর ৩ গুণের সাথে কত যোগ করলে ২৬/৭ হবে?,৮/৭
156,শহরের একটা অনুষ্ঠানে প্রথম বছর ১৪০০ জন দর্শক এসেছিলেন। পরের বছর দর্শক সংখ্যা প্রথম বছরের চেয়ে ৭/১০ অংশ বেড়ে গেল। পরের বছরে মোট কতজন দর্শক এসেছিলেন হিসাব করি।,২৩৮০
157,রমার কাছে যতগুলি স্ট্যাম্প আছে তার ২/৩ অংশ আমাকে দিল। রমা যদি ১৮টি স্ট্যাম্প আমাকে দেয় তবে রমার কাছে কতগুলি স্ট্যাম্প ছিল হিসাব করি।,২৭
158,রাজিয়া তার টাকার ২/৫ অংশ দেবনাথকে ও ৩/১০ অংশ সুনিতাকে দেওয়ার পরে তার কাছে ১৮০ টাকা রইল। প্রথমে রাজিয়ার কাছে কত টাকা ছিল হিসাব করি।,৬০০
159,৫০/৩ মিটার লম্বা ফিতের ৩/৮ অংশ কেটে নিয়ে তাকে সমান ৫টি ভাগে কাটলে একটি টুকরোর দৈর্ঘ্য কী পাব হিসাব করি।,৫/৪
160,জানালার পর্দা তৈরির জন্য বাবা ১২৭/১০ মিটার লম্বা পর্দার কাপড় কিনে আনলেন। কিন্তু বাড়িতে ৫৩/৫ মিটার লম্বা পর্দার কাপড় ছিল। তিনটি জানালার প্রতি পর্দায় ৪৫/৬ মিটার লম্বা কাপড় লাগল। এখনও আরও কত মিটার লম্বা পর্দার কাপড় পড়ে আছে হিসাব করি।,১৯/৫
161,আজ আমার ঠাকুরমা অনেকটা কুলের আচার তৈরি করলেন। তিনি সেই আচারের ৪/৭ অংশ কাচেঁর শিশিতে ভরতি করে তুলে রাখলেন এবং বাকিটা আমাদের ৬ জনের মধ্যে সমান ভাগে ভাগ করি দিলেন। হিসাব করে দেখি আমরা প্রত্যেকে মোট আচারের কত অংশ পেলাম।,১/১৪
162,মেহবুব ও তার দল ঠিক করেছে ৩৩ দিনে ৩৭১/১৫ কি.মি.. রাস্তা তৈরি করবেন। তাঁরা প্রতিদিন ১১/১৫ কি.মি.. করে ২৫ দিন রাস্তা তৈরি করলেন। এবার ঠিক সময়ে বাকি কাজ শেষ করতে হলে তাঁদেরকে বাকি দিনের প্রতিদিন কতটুকু করে রাস্তা তৈরি করতে হবে?,৪/৫
163,৫ এর সঙ্গে ৩/৭ যোগ করে যোগফলকে ১৪/৩ দিয়ে গুণ করি। এবার এই গুণফলকে ৪০/৯ দিয়ে ভাগ করে ভাগফলটি ৪২/৫ থেকে বিয়োগ করি ও বিয়োগফল কী পেলাম হিসাব করে লিখি।,২৭/১০
164,মিঠু ৪টি খাতা কিনবে। ১টি খাতার দাম ১২.৭৫ টাকা হলে মিঠুকে কত টাকা জোগাড় করতে হবে হিসাব করি।,৫১
165,রোজিনাবিবি তাঁর জমির ০.৩৫ অংশে বাড়ি করেছেন ও বাকি অংশের ০.২ অংশে ফুলের চাষ করছেন। তিনি তার জমির কত অংশে ফুলের চাষ করেছেন হিসাব করি।,০.১৩
166,আমার কাছে ১৫০ টাকা আছে। আমার টাকার ০.৩ অংশ দিয়ে খাতা কিনলাম এবং আমার টাকার ০.৪ অংশ দিয়ে গল্পের বই কিনলাম। এখন আমার কাছে কত টাকা পড়ে আছে হিসাব করি।,৪৫
167,আজ আমরা মোটরগাড়িতে ৯৪.৫ কি.মি. পথ যাব। এক কিলোমিটার যেতে ঐ মোটরগাড়ির ০.০৭৮ লিটার পেট্রোল খরচ হয়। হিসাব করে দেখি আমাদেও মোট কত লিটার পেট্রোল দরকার।,৭.৩৭
168,আলিশার দাদা বাড়ি থেকে সাইকেলে চেপে শিবপুর লঞ্চ ঘাটে পৌঁছাতে ১.৪ ঘণ্টা সময় নিল। যদি সে ঘণ্টায় ১১.৫ কি.মি.. বেগে সাইকেল চালায় তবে আলিশাদের বাড়ি থেকে শিবপুর লঞ্চঘাট কত দূরে হিসাব করি।,১৬.১০
169,মা আমাকে ২.৫ কিগ্রা. ডাল কিনে আনতে বললেন। ১ কিগ্রা. ডালের দাম ৬২.৫০ টাকা হলে কত টাকা নিয়ে দোকানে যাব হিসবা করি।,১৫৬.২৫
170,একটি সমবাহু ত্রিভুজের পরিসীমা ১৪.৪ সে.মি..। ঐ সমবাহু ত্রিভুজের ১টি বাহুর দৈর্ঘ্য কত সে.মি.. তা দশমিক সংখ্যায় লিখি।,৪.৮০
171,"আজ আমি দাদার সাথে মাছের বাজারে গেছি। দাদা ৮৭৭.৫০ টাকা দিয়ে মাছ কিনল। ১ কিগ্রা. মাছের দাম ১৭৫.৫০ টাকা হলে, দাদা কত কেজি মাছ কিনল হিসাব করি।",৫
172,"উন্নিষা খাতুনের বাড়িতে ৩০.৬ মিটার কাপড় আছে। ওই কাপড় দিয়ে ফ্রক তৈরি করবেন। প্রতিটি ফ্রকের জন্য যদি ১.৭ মিটার কাপড় লাগে, তবে উন্নিষা খাতুন কতগুলি ফ্রক তৈরি করবেন হিসাব করি।",১৮
173,বাড়িতে ৪৮ লিটার খাবার জল আছে। ওই জল সমান মাপের খালি বোতলে ভরতি করছি। যদি প্রতি বোতলে ১.২ লিটার জল ধরে তবে ওই জল কতগুলি খালি বোতলে ঢালতে পারব হিসাব করি।,৪০
174,১৫.৭৭ মিটার লম্বা বাঁশের ২.২৫ অংশ বাদ দিয়ে বাকি অংশকে সমান ৪ ভাগে ভাগ করলে প্রতিভাগের দৈর্ঘ্য কত হবে হিসাব করি।,৩.৩৮
175,আমাদের বাড়ি থেকে স্কুলের দুরত্ব ২০.৪ কি.মি.। ঘণ্টায় ১০.২ কি.মি. বেগে সাইকেল চালিয়ে কত সময়ে স্কুলে পৌঁছাব হিসাব করি।,২
176,"একইরকম ৪টি বিস্কুটের প্যাকেটের ওজন ১২.৬ গ্রাম হলে, ১টি প্যাকেটের ওজন কত হবে হিসাব করি।",৩.১৫
177,আমাদের শ্রেণিতে মোট ছাত্রছাত্রীর ০.২৩ অংশ ছাত্রী আছে। আমাদের শ্রেণিতে মোট ছাত্রছাত্রীর শতকরা কত জন ছাত্রী পড়ে হিসাব করি।,২৩
178,আজ রজত স্কুলে যাওয়ার সময়ে মোট পথের ০.২৫ অংশ হেঁটে ও বাকি অংশ রিকশায় গেল। রজত মোট পথের শতকরা কত ভাগ পথ রিকশায় গেল হিসাব করি।,৭৫
179,শেফালিদের বাগানের একটি আম গাছে গত বছরে ২০০টি আম ফলেছিল। এবছরে ওই গাছে ৪৮০টি আম ফলেছে। গত বছরের তুলনায় এবছরে শতকরা কত ভাগ বেশি আম ফলেছে হিসাব করি।,১৪০
180,আমাকে দাদু মেলায় যাওয়ার জন্য ৫০ টাকা দিলেন। আমি সেই টাকার ৭০% মেলায় খরচ করলাম ও বাকি টাকা জমানোর ভাঁড়ে ফেলে দিলাম। হিসাব করে দেখি কত টাকা মেলায় খরচ করলাম।,৩৫
181,আমাকে দাদু মেলায় যাওয়ার জন্য ৫০ টাকা দিলেন। আমি সেই টাকার ৭০% মেলায় খরচ করলাম ও বাকি টাকা জমানোর ভাঁড়ে ফেলে দিলাম। হিসাব করে দেখি কত টাকা ভাঁড়ে জমা রাখলাম।,১৫
182,এবছরের অঙ্ক পরীক্ষায় আমাদের ক্লাসের ৬০% ছাত্রছাত্রী ৮০ এর বেশি নম্বর পেয়েছে। আমাদের ক্লাসের মোট ছাত্রছাত্রী ৫০ জন হলে কতজন ছাত্রছাত্রী ৮০ এর বেশি নম্বর পেয়েছে হিসাব করি।,৩০
183,"আয়েশা ১৭টি স্ট্যাম্প আমাকে দিল। বলল আমি তোমাকে আমার মোট স্ট্যাম্পের ২০% স্ট্যাম্প দিয়েছি। ১৭টি স্ট্যাম্প আয়েশার মোট স্ট্যাম্পের ২০% হলে, আয়েশার কাছে মোট কতগুলি স্ট্যাম্প আছে হিসাব করি।",৮৫
184,১৫টি লজেন্সের মধ্যে ৩টি লজেন্স নিলাম। মোট লজেন্সের শতকরা কতটি লজেন্স নিলাম দেখি।,২০
185,২৪টি কুলের মধ্যে ৬টি কুল পচে গেছে। মোট কুলের শতকরা কত কুলটি পচে গেছে দেখি।,২৫
186,আজ আমাদের ক্লাসে ৭ জন ছাত্রছাত্রী অনুপস্থিত। ক্লাসে মোট ছাত্রছাত্রী ৩৫ জন। আজ মোট ছাত্রছাত্রীর শতকরা কতজন স্কুলে এসেছে হিসাব করি।,৮০
187,৫৫ মিটার লম্বা বাঁশের ১১ মিটার কাদা ও জলের নীচে আছে। বাঁশটির শতকরা কত ভাগ কাদা ও জলের উপরে আছে হিসাব করি।,৮০
188,আমাদেও চ্যাটার্জি পাড়ার লাইব্রেরিতে ২১০০ টি গল্পের বই আছে। যত গল্পের বই আছে তার ৩০% গল্পের বই আরও কেনা হলো। হিসাব করে দেখি আরও কতগুলি বই কেনা হলো .,৬৩০
189,আমাদেও চ্যাটার্জি পাড়ার লাইব্রেরিতে ২১০০ টি গল্পের বই আছে। যত গল্পের বই আছে তার ৩০% গল্পের বই আরও কেনা হলো। হিসাব করে দেখি এখন লাইব্রেরিতে মোট গল্পের বই কতগুলি হলো।,২৭৩০
190,আজ সকাল থেকে খুব বৃষ্টি হচ্ছে। তাই আলমদের স্কুলে মোট ছাত্রছাত্রীর মাত্র ২০% ছাত্রছাত্রী উপস্থিত হয়েছে। আলমদের স্কুলের মোট ছাত্রছাত্রী ১২৩০ জন হলে আজ কতজন স্কুলে উপস্থিত হয়েছে হিসাব করে দেখি।,২৪৬
191,আজ আমি নিজে কমলালেবুর সরবত তৈরি করব। ৩০০ মিলিলিটার কমলালেবুর সরবত তৈরি করতে সরবতের ১৮% কমলালেবুর রস দিতে হলো। কত মিলিলিটার কমলালেবুর রস দিলাম হিসাব করি।,৫৪
192,শোভন এবছরে জমিতে জৈবসার ব্যবহার করায় ধানের ফলন গতবছরের তুলনায় ২৫% বেড়েছে। গতবছরে ১২ কুইন্ট্যাল ধান ফললে এবছর কত কুইন্ট্যাল ধান ফলেছে হিসাব করি।,১৫
193,"রসুলপুর গ্রামের জনসংখ্যা গত বছরের তুলনায় ১২% বেড়েছে। আগে ঐ গ্রামের জনসংখ্যা ৭৭৫ জন হলে, এখন জনসংখ্যা কত হয়েছে হিসাব করি।",৮৬৮
194,এবছরে আমাদের স্কুলের ৮০জন ছাত্রছাত্রী মাধ্যমিক পরীক্ষা দিয়েছে। যদি ৬৫% ছাত্রছাত্রী পাশ করে তবে হিসাব করে দেখি কতজন ছাত্রছাত্রী এবছরে মাধ্যমিক পরীক্ষায় পাশ করেছে।,৫২
195,এক বিশেষ ধরণের পিতলে ৭০% তামা ও বাকিটা দস্তা আছে। ২০ কিগ্রা. এইরকম পিতল তৈরি করতে কত কিগ্রা. দস্তা লাগবে হিসাব করে দেখি।,৬
196,চিনির দাম বেড়ে যাওয়ায় আমরা ঠিক করেছি এষনকার থেকে ৫% চিনি ব্যবহার কমাব। এখন প্রতিদিন আমরা ৩৫৫ গ্রাম চিনি ব্যবহার করি। কমানোর পর প্রতিদিন চিনি কতগ্রাম ব্যবহার করব।,৩৩৭.২৫
197,চিনির দাম বেড়ে যাওয়ায় আমরা ঠিক করেছি এষনকার থেকে ৪% চিনি ব্যবহার কমাব। এখন প্রতিদিন আমরা ৬২৫ গ্রাম চিনি ব্যবহার করি। কমানোর পর প্রতিদিন চিনি কতগ্রাম ব্যবহার করব।,৬০০
198,অনিলবাবু তার মাসিক আয়ের ২২% বাড়িভাড়া দেন। যদি অনিলবাবু প্রতি মাসে ১৮৭০ টাকা বাড়িভাড়া দেন তবে অনিলবাবু মাসিক আয় কত হিসাব করি।,৮৫০০
199,"ইয়াসমীন খাতুন তাঁর মোট চাষের জমির ৫৫% জমিতে পাট চাষ করেন। তিনি যদি ১১ বিঘা জমিতে পাট চাষ করেন, তবে ইয়াসমীন খাতুনের মোট চাষের জমি কত আছে হিসাব করি।",২০
200,আমাদের পরিবারে মোট মাসিক খরচের ৪৭৫০ টাকা খাওয়ার জন্য ব্যয় হয় এবং অন্যান্য খরচ হয় ৫৯০০ টাকা। যদি খাওয়ার খরচ ১০% বাড়িয়ে অন্যান্য খরচ ১৬% কমানো হয় তাহলে মোট মাসিক খরচ কত টাকা কমবে হিসাব করি।,৪৬৯
201,"একটি শহরে বর্তমান জনসংখ্যা ২৬২৫০ জন। যদি বার্ষিক ৪% হারে জনসংখ্যা বাড়ে, তবে পরের বছরের জনসংখ্যা কত হবে হিসাব করি।",২৭৩০০
202,"একটি শহরে বর্তমান জনসংখ্যা ২৬২৫০ জন। যদি বার্ষিক ৪% হারে জনসংখ্যা বাড়ে, তবে দুই বছর পরে জনসখ্যা কত হবে হিসাব করি।",২৮৩৯২
203,"ফসল ওঠার মুখে ধানের দাম ছিল কুইন্ট্যাল প্রতি ১০৮০ টাকা। বর্ষাকাল ধানের দাম ১৫% বৃদ্ধি পেয়েছে। যে কৃষক ফসল ওঠার মুখে ১২ কুইন্ট্যাল ধান বিক্রি করেছেন, তিনি বর্ষাকালে সেই পরিমাণ ধান বিক্রি করলে কত টাকা বেশি পেতেন হিসাব করি।",১৯৪৪
204,৭ মিটার লম্বা ফিতেকে সমান ৮ ভাগে ভাগ করে প্রতিটি ভাগের মান দেখি।,০.৮৭
205,১১ কেজি চিনি ১২টি প্যাকেটে সমান ভাগে ভাগ করে প্রতিটি ভাগের মাপ দেখি।,০.৯১
206,১২ লিটার জল ৭টি বোতলে সমান ভাগে ভাগ করে প্রতিটি ভাগের মাপ দেখি।,১.৭১
207,২৪ মিটার লম্বা রাস্তার পাশে রাস্তার দুইপ্রান্তসহ সমান দূরত্বে ১৫টি গাছ লাগালে পরপর দুটি গাছের দূরত্ব দেখি।,১.৭১
208,"আমার কাছে ২২ মিটার লম্বা হলুদ ফিতে, ২৪.৭৫ মিটার লম্বা সবুজ ফিতে ও ১৬.৫০ মিটার লম্বা কমলা ফিতে আছে। এই তিনটি রঙের ফিতে থেকে সবচেয়ে বড়ো মাপের টুকরো কাটতে চাই যাতে প্রত্যেক রঙের ফিতে থেকে, সমান দৈর্ঘ্যের কয়েকটি টুকরো পাই এবং কোনো ফিতে নষ্ট না হয়। ওই সমান দৈর্ঘ্যের ফিতেটি কতটা লম্বা হবে হিসাব করার চেষ্টা করি।",২.৭৫
209,সলমন বেগুনি রঙের ৭.৭০ মি. লম্বা ও মদিনা আকশি রঙের ৩.২৬ মি. লম্বা ফিতে এনে দুই রঙের ফিতেই সমান দৈর্ঘ্যের সবচেয়ে বড়ো এমন কয়েকটি টুকরো করতে চায় যাতে টুকরো করার পরে দুই রঙের ফিতেই ০.০২ মি. করে পড়ে থাকে। হিসাব করে দেখি সমান দৈর্ঘ্যের সবচেয়ে বড়ো মাপের প্রতিটি টুকরোর দৈর্ঘ্য কত নেবে।,০.১২
210,"৬, ৮, ১০ ও ১২ দিয়ে বিভাজ্য এমন ক্ষুদ্রতম সংখ্যা খোঁজার চেষ্টা করি যেটি ৩০০ ও ৫০০ এর মধ্যে থাকবে?",৩৬০
211,"হিসাব করে দেখি চার অঙ্কের কোন ক্ষুদ্রতম সংখ্যা ১২, ১৫, ২০ ও ৩৫ দিয়ে বিভাজ্য।",১২৬০
212,"৪২০ টাকা , ৫৬০ টাকা ও ৬৩০ টাকা -এর  ল.সা.গু খুঁজি।",৫০৪০
213,"৪২০ টাকা , ৫৬০ টাকা ও ৬৩০ টাকা  -এর গ.সা.গু খুঁজি।",৭০
214,৯৭৮৬ কিগ্রা. ও ২৭৯৬ কিগ্রা. -এর ল.সা.গু এর মান খুঁজি।,১৯৫৭২
215,৯৭৮৬ কিগ্রা. ও ২৭৯৬ কিগ্রা. -এর গ.সা.গু এর মান খুঁজি।,১৩৯৮
216,"তিনটি ছোটো ট্যাঙ্কে যথাক্রমে ৩৫ লিটার, ৫৬ লিটার ও ৮৪ লিটার তেল আছে। হিসাব করি সবচেয়ে বড়ো কত মাপের পাত্র দিয়ে ট্যাঙ্ক তিনটির তেল পূর্ণসংখ্যক বার মাপতে পারব।",৭
217,আমাদের স্কুলের হল ঘরের দৈর্ঘ্য ২০০০ সে.মি. এবং প্রস্থ ১৬০০ সে.মি.। হিসাব করে দেখি সবচেয়ে লম্বা কত মিটার দৈর্ঘ্যের ফিতে দিয়ে এই হল ঘরের দৈর্ঘ্য ও প্রস্থ দু-দিকই পূর্ণসংখ্যায় মাপতে পারব।,৪
218,"১০৭১ টি ধুতি, ৫৯৫ টি শাড়ি ও ৩৫৭ টি জামা মজুদ আছে। হিসাব করে দেখি সবচেয়ে বেশি কত পরিবারের মধ্যে ওই জিনিসগুলি সমানভাগে ভাগ করে দিতে পারব।",১১৯
219,"১০৭১ টি ধুতি, ৫৯৫ টি শাড়ি ও ৩৫৭ টি জামা মজুদ আছে। কিছু পরিবারের মধ্যে ওই জিনিসগুলি সমানভাগে ভাগ করে দেয়া হলো। প্রত্যেক পরিবার কতগুলি ধুতি পাবে।",৯
220,"১০৭১ টি ধুতি, ৫৯৫ টি শাড়ি ও ৩৫৭ টি জামা মজুদ আছে। কিছু পরিবারের মধ্যে ওই জিনিসগুলি সমানভাগে ভাগ করে দেয়া হলো। প্রত্যেক পরিবার কতগুলি শাড়ি পাবে।",৫
221,"১০৭১ টি ধুতি, ৫৯৫ টি শাড়ি ও ৩৫৭ টি জামা মজুদ আছে। কিছু পরিবারের মধ্যে ওই জিনিসগুলি সমানভাগে ভাগ করে দেয়া হলো। প্রত্যেক পরিবার কতগুলি জামা পাবে।",৩
222,একটি ইঞ্জিনের সামনের চাকার পরিধি ১.৪ মি. এবং পেছনের চাকার পরিধি সামনের চাকার পরিধির আড়াই গুণ। হিসাব করে দেখি কমপক্ষে কত পথ গেলে চাকা দুটি একই সঙ্গে পূর্ণসংখ্যক বার ঘোরা সম্পূর্ণ করবে।,৭
223,"কোন বৃহত্তম সংখ্যা দিয়ে ৩০৬, ৮১০ ও ২২১৪ -কে ভাগ করলে প্রতিক্ষেত্রে কোনো ভাগশেষ থাকবে না তা হিসাব করে দেখি।",১৮
224,আমাদের বাড়িতে তিনটি লাঠি আছে যাদের দৈর্ঘ্য যথাক্রমে ৪৫ সে.মি.. ৫০ সে.মি.. ও ৭৫ সে.মি..। হিসাব করে দেখি এই তিনটি লাঠির প্রত্যেকটি দিয়ে কমপক্ষে কত দৈর্ঘ্যের ফিতে সম্পূর্ণভাবে মাপতে পারব।,৪৫০
225,"৬৫০ টাকা, ৫২০ টাকা এবং ৭৮০ টাকা। রাশিগুলির গ.সা.গু -এর মান খুঁজি।",১৩০
226,"৬৫০ টাকা, ৫২০ টাকা এবং ৭৮০ টাকা। রাশিগুলির ল.সা.গু  -এর মান খুঁজি।",৭৮০০
227,"২২৮ মি., ৩৪২ মি., ৪৫৬ মি.। রাশিগুলির  গ.সা.গু -এর মান খুঁজি।",১১৪
228,"২২৮ মি., ৩৪২ মি., ৪৫৬ মি.। রাশিগুলির ল.সা.গু  -এর মান খুঁজি।",১৩৬৮
229,"৩৬০০ লি, ৪৮০০ লি, ৬ লি.। রাশিগুলির  গ.সা.গু -এর মান খুঁজি।",৬
230,"৩৬০০ লি, ৪৮০০ লি, ৬ লি.। রাশিগুলির ল.সা.গু  -এর মান খুঁজি।",১৪৪০০
231,"দুটি সংখ্যার ল.সা.গু ও গ.সা.গু যথাক্রমে ২১৭৫ এবং ১৪৫; যদি একটি সংখ্যা ৭২৫ হয়, তাহলে অপর সংখ্যাটি কত হবে হিসাব করি।",৪৩৫
232,১৪৫ ও ২৩২ সংখ্যা দুটির গ.সা.গু -এর মান খুঁজি।,২৯
233,১৪৪ ও ৩৮৪ সংখ্যা দুটির গ.সা.গু -এর মান খোঁজার চেষ্টা করি।,৪৮
234,"৫৮৩৪ থেকে কোন ক্ষুদ্রতম সংখ্যা বিয়োগ করলে বিয়োগফল ২০,২৮, ৩২ ও ৩৫ দিয়ে বিভাজ্য হবে হিসাব করি।",২৩৪
235,কোন বৃহত্তম সংখ্যা দিয়ে ২৩০০ ও ৩৫০০ কে ভাগ করলে যথাক্রমে ৩২ ও ৫৬ ভাগশেষ থাকবে হিসাব করি।,৮৪
236,"হিসাব করে দেখি কোন বৃহত্তম সংখ্যা দিয়ে ৬৫০, ৭৭৬ ও ১২৫০ -কে ভাগ করলে প্রতিক্ষেত্রে একই ভাগশেষ থাকবে।",২৫
237,দুটি সংখ্যার গ.সা.গু ও ল.সা.গু যথাক্রমে ১২ ও ৭২০; হিসাব করে দেখি এরকম কত জোড়া সংখ্যা হতে পারে।,৪
238,"কোন ক্ষুদ্রতম সংখ্যা থেকে ৪০০০ বিয়োগ করলে বিয়োগফল ৭, ১১ ও ১৩ দিয়ে বিভাজ্য হবে হিসাব করি।",৫০০১
239,৫০ ও ১০০ -এর মধ্যবর্তী দু-জোড়া সংখ্যা খুঁজি যাদের গ.সা.গু ১৬ এবং যোগফল ১৪৪ মধ্যে বড় সংখ্যাটি কত?,৮০
240,৫০ ও ১০০ -এর মধ্যবর্তী দু-জোড়া সংখ্যা খুঁজি যাদের গ.সা.গু ১৬ এবং যোগফল ১৪৪ মধ্যে ছোট সংখ্যাটি কত?,৬৪
241,৫০ ও ১০০ -এর মধ্যবর্তী দু-জোড়া সংখ্যা খুঁজি যাদের গ.সা.গু ১৬ এবং যোগফল ১৭৬ মধ্যে বড় সংখ্যাটি কত?,৯৬
242,৫০ ও ১০০ -এর মধ্যবর্তী দু-জোড়া সংখ্যা খুঁজি যাদের গ.সা.গু ১৬ এবং যোগফল ১৭৬ মধ্যে ছোট সংখ্যাটি কত?,৮০
243,"২৮,৩৩,৪২ ও ৭৭ দ্বারা বিভাজ্য যে সংখ্যাটি ৯৮৭৬৫ -এর নিকটতম তা হিসাব করে খুঁজে বার করি।",৯৮৮৬৮
244,"হিসাব করে ১৩ দিয়ে বিভাজ্য এমন ক্ষুদ্রতম সংখ্যা খুঁজি যা ৮, ১২, ১৬ ও ২০ দিয়ে ভাগ করলে প্রতিক্ষেত্রে ১ ভাগশেষ থাকে।",৪৮১
245,সাকির গুনে দেখল তার কাছে ৪৫০ টি হলুদ বোতাম আছে। সে বর্গক্ষেত্রাকারে সাজানোর চেষ্টা করল। সাকির বর্গক্ষেত্রাকারে সাজানোর পরেও ৯টি হলুদ বোতাম পড়ে রইল। সাকিরের সাজানোর প্রতি সারিতে কতগুলি হলুদ বোতাম আছে হিসাব করি।,২১
246,সাহানা তার কালো রঙের ২৮০ টি বোতাম বর্গক্ষেত্রাকারে সাাজনোর চেষ্টা করছে। ওর ৯টি বোতাম কম পড়ল হিসাব করে দেখি সাহানার বর্গক্ষেত্রাকার সজ্জায় প্রতি সারিতে কতগুলি কালো বোতাম রাখার চেষ্টা করছে।,১৭
247,"মানস ও মিতালী আজ বাগানের কাজ করবে। ৩২৪ টি গাঁদাফুলের চারাগাছ আছে। এই চারাগাছগুলি কিছু সারিতে পোঁতা হলো। দেখছি, আমরা এমনভাবে গাছগুলি পুঁতলাম যে প্রতি সারিতে যতগুলি চারাগাছ আছে, মোট সারির সংখ্যাও ততগুলি। এবার হিসাব করে দেখি মোট কতগুলি সারিতে ৩২৪ টি চারাগাছ রাখলাম।",১৮
248,ওদের কয়েকজন বন্ধু কিছু লজেন্স ও বিস্কুট নিয়ে বাগানে এলো। ওরা মোট যতজন বন্ধু হলো প্রত্যেক ততগুলি লজেন্স ও প্রত্যেক তার দ্বিগুণ সংখ্যক বিস্কুট আনল। মোট লজেন্স ও বিস্কুট ১৪৭ টি আনলে ওরা কতজন বন্ধু হিসাব করে দেখি।,৭
249,ওদের আরও কিছু বন্ধু ওদের সঙ্গে বাগানের কাজে যোগ দিল। বাগান পরিষ্কার করার জন্য ওরা এখন মোট যত জন প্রত্যেকে ততগুলি ৫ টাকা করে চাঁদা দিল। মোট চাঁদা উঠল ৭২০ টাকা। হিসাব করে বলার চেষ্টা করি মোট কতজন বন্ধু মিলে চাঁদা তুলেছে।,১২
250,নিসারের ফলের বাগান থেকে ৪৪১টি কমলালেবু তোলা হয়েছে। অনেকগুলি ঝুড়িতে রাখা হবে। যতগুলি ঝুড়ি আছে প্রত্যেক ঝুড়িতে ততগুলি কমলালেবু রাখলে মোট কতগুলি ঝুড়িতে কমলালেবু রাখা হলো হিসাব করি।,২১
251,আজ সকালে আমি আমার ঘরের বইয়ের আলমারিতে বই সাজিয়ে রাখলাম। আলমারিতে যতগুলি তাক ছিল প্রতি তাকে ততগুলি বই রাখলাম। কিন্তু আরও ৫টি বই আলমারির বাইরে থাকল। বইয়ের সংখ্যা ৮৬টি হলে আলমারির তাকের সংখ্যা কতছিল হিসাব করি।,৯
252,আজ খেলার মাঠে আমরা বর্গক্ষেত্রাকারে দাঁড়াব ঠিক করেছি। কিছুজন বর্গক্ষেত্রাকারে দাঁড়ানোর পরেও ৪ জন বন্ধু মাঠের বাইরে দাঁড়িয়ে আছে। তারা এই বর্গক্ষেত্রাকারের মধ্যে দাঁড়ালে পরে বর্গক্ষেত্রাকার থাকবে না। আজ আমাদের শ্রেণিতে উপস্থিত হয়েছে ৪০ জন। এই বর্গক্ষেত্রাকার সজ্জার প্রতি সারিতে কতজন দাঁড়িয়েছি হিসাব করি।,৬
253,পাড়ার সুকান্ত স্মৃতি গ্রন্থাগারের সদস্যদের প্রত্যেক সদস্য সদস্যসংখ্যার সমান সংখ্যক টাকা চাঁদা দেওয়ায় মোট ৭২৯ টাকা চাঁদা উঠেছে। গ্রন্থাগারের সদস্য কতজন হিসাব করি।,২৭
254,"রঘুনাথপুর গ্রামের একটি পুকুর সংস্কার করতে যতজন লোক কাজে লেগেছিলেন, তারা ততদিন কাজ করে মোট ১২৩৭৫ টাকা পারিশ্রমিক পেলেন। প্রত্যেকের দৈনিক পারিশ্রমিক যদি ৫৫ টাকা হয়, তবে কতজন এই কাজে যোগ দিয়েছিলেন হিসাব করি।",১৫
255,এই বছরে আমাদের পাড়ার ক্লাব থেকে কিছু সদস্য গাদিয়াড়ায় বেড়াতে যাবে। খরচ হিসাবে প্রত্যেকের কাছ থেকে যতজন সদস্য তার ৪ গুণ টাকা নেওয়া হয়েছে। মোট ৪০৯৬ টাকা চাঁদা উঠেছে। কতজন সদস্য বেড়াতে যাবে হিসাব করি।,৩২
256,আজ শিশু দিবস। আমরা কিছু ছাত্রছাত্রী স্কুলের জন্য সব ছাত্রছাত্রীদের লজেন্স ও বিস্কুট ভাগ করে দিলাম। কিন্তু ৮০০ টি লজেন্স এখনও পড়ে আছে। আমরা মোট যতজন আছি প্রত্যেকে তার দ্বিগুণ সংখ্যক লজেন্স নিয়ে ৮০০ টি লজেন্স ভাগ করে নিলাম। হিসাব করে দেখি আমরা মোট কতজন ৮০০ টি লজেন্স ভাগ করে নিলাম।,২০
257,"আঁটলা গ্রামের সফিকুলচাচা তার জমিতে লাগাবার জন্য ৭৮০ টি পেঁপের চারা এনেছেন। ঠিক করেছেন যে যতগুলি সারিতে চারা লাগাবেন, প্রতি সারিতে ঠিক ততগুলি করে চারা থাকবে। কিন্তু এভাবে চারা লাগাতে গিয়ে তিনি দেখলেন যে ৪টি চারা কম পড়ছে। সফিকুলচাচা কতগুলি সারিতে চারা লাগাবেন ঠিক করেছেন হিসাব করি।",২৮
258,"আমি পিচবোর্ডের একটি বর্গাকার বাক্স তৈরি করেছি। তাতে অনেকগুলি বর্গাকার খোপ আছে। আমার ভাই প্রতি খোপে ১টি ৫ টাকার মুদ্রা, ১টি ২ টাকার মুদ্রা ও ১টি ১ টাকার মুদ্রা রেখেছে। ভাই যদি মোট ১১৫২ টাকা রেখে থাকে, তবে আমার তৈরি পিচবোর্ডের বাক্সেও প্রতি সারিতে কতগুলি খোপ আছে হিসাব করি।",১২
259,কোন ক্ষুদ্রতম স্বাভাবিক সংখ্যা দিয়ে ১৮ কে গুণ করলে পূর্ণবর্গ সংখ্যা পাব।,২
260,কোন ক্ষুদ্রতম স্বাভাবিক সংখ্যা দিয়ে ৫০ কে গুণ করলে পূর্ণবর্গ সংখ্যা পাব।,২
261,কোন ক্ষুদ্রতম স্বাভাবিক সংখ্যা দিয়ে ৭২ কে গুণ করলে পূর্ণবর্গ সংখ্যা পাব।,২
262,কোন ক্ষুদ্রতম স্বাভাবিক সংখ্যা দিয়ে ১০৮ কে গুণ করলে পূর্ণবর্গ সংখ্যা পাব।,৩
263,কোন ক্ষুদ্রতম স্বাভাবিক সংখ্যা দিয়ে ১৬২ কে গুণ করলে পূর্ণবর্গ সংখ্যা পাব।,২
264, ৭ কে কোন ক্ষুদ্রতম স্বাভাবিক সংখ্যা দিয়ে গুণ করলে গুণফল একটি পূর্ণবর্গ সংখ্যা হবে দেখি।,৭
265,কোন ক্ষুদ্রতম স্বাভাবিক সংখ্যা দিয়ে ৪৩২ কে গুণ করলে পূর্ণবর্গ সংখ্যা পাব।,৩
266,"এই বছরের প্রজাতন্ত্র দিবসে আমাদের স্কুলের শারীরশিক্ষার স্যার আমাদের বিভিন্ন সময়ে ১২,১৫ ও ২০ সারিতে দাঁড় করিয়ে নানারকম কুচকাওয়াজ করিয়েছিলেন। এক সময়ে আমাদের নিরেট বর্গক্ষেত্রাকারেও সাজিয়েছিলেন। ওইদিন কমপক্ষে কতজন ছাত্রছাত্রী বিদ্যালয়ে উপস্থিত ছিল হিসাব করি।",৯০০
267,"একটি শূন্য ছাড়া ক্ষুদ্রতম পূর্ণবর্গ সংখ্যা খুঁজি যা ২৫,৪০ ও ৬০ দিয়ে বিভাজ্য।",৩৬০০
268,দুটি ধনাত্মক সংখ্যার গুণফল ১৬২ এবং ভাগফল ২; সংখ্যাদুটি কী হবে হিসাব করি। বড় সংখ্যাটি কত?,১৮
269,দুটি ধনাত্মক সংখ্যার গুণফল ১৬২ এবং ভাগফল ২; সংখ্যাদুটি কী হবে হিসাব করি। ছোট সংখ্যাটি কত?,৯
270,"হিসাব করে দেখি শূন্য ছাড়া কোন ক্ষুদ্রতম পূর্ণবর্গ সংখ্যা ১২,১৬,২০ ও ২৪ দ্বারা বিভাজ্য।",৩৬০০
271,দুটি ধণাত্মক সংখ্যার গুণফল ৯৮ এবং বড়ো সংখ্যাটি ছোটো সংখ্যাটির ২ গুণ। বড় সংখ্যাটি কী?,১৪
272,দুটি ধণাত্মক সংখ্যার গুণফল ৯৮ এবং বড়ো সংখ্যাটি ছোটো সংখ্যাটির ২ গুণ। ছোট সংখ্যাটি কী?,৭
273,কোন ক্ষুদ্রতম পূর্ণবর্গসংখ্যার একটি উৎপাদক ১৭?,২৮৯
274,"১০,১৫,২০ ও ৩০ দ্বারা বিভাজ্য ক্ষুদ্রতম পূর্ণবর্গ সংখ্যা শূন্য ছাড়া নির্ণয় করি।",৯০০
275,"এবছরে নেতাজির জন্মদিবসে আমাদের শারীরশিক্ষার শিক্ষক উপস্থিত ছাত্রদের ১৮,২৪ ও ২৭ সারিতে দাঁড় করিয়ে কুচকাওয়াজ করিয়েছেন। এক সময়ে তাদের নিরেটে বর্গক্ষেত্রাকারেও সাজিয়েছেন। ওইদিন আমরা কমপক্ষে কতজন বিদ্যালয়ে গিয়েছিলাম হিসাব করি।",১২৯৬
276,দুটি ধণাত্মক সংখ্যার গুণফল ১৪৭; বড় সংখ্যাটি ছোটো সংখ্যার ৩ গুণ। বড় সংখ্যাটি কী হিসাব করি।,২১
277,দুটি ধণাত্মক সংখ্যার গুণফল ১৪৭; বড় সংখ্যাটি ছোটো সংখ্যার ৩ গুণ। ছোট সংখ্যাটি কী হিসাব করি।,৭
278,তিনটি ধণাত্মক সংখ্যার প্রথম ও দ্বিতীয়টির গুণফল ২৪; দ্বিতীয় ও তৃতীয়টির গুণফল ৪৮; এবং প্রথম ও তৃতীয়টির গুণফল ৩২। বড় সংখ্যাটি কী হবে হিসাব করি।,৮
279,তিনটি ধণাত্মক সংখ্যার প্রথম ও দ্বিতীয়টির গুণফল ২৪; দ্বিতীয় ও তৃতীয়টির গুণফল ৪৮; এবং প্রথম ও তৃতীয়টির গুণফল ৩২। ছোট সংখ্যাটি কী হবে হিসাব করি।,৪
280,১০০০ এর নিকটতম পূর্ণবর্গ সংখ্যা খুঁজি।,১০২৪
281,৯৫৮৫ থেকে কোন ক্ষুদ্রতম সংখ্যা বিয়োগ করলে বিয়োগফল একটি পূর্ণবর্গ সংখ্যা হবে হিসাব করি।,১৭৬
282,৫৩২০ -এর সাথে কোন ক্ষুদ্রতম সংখ্যা যোগ করলে যোগফল পূর্ণবর্গ সংখ্যা হবে হিসাব করি।,৯
283,"শূন্য ছাড়া এমন একটি ক্ষুদ্রতম পূর্ণবর্গ সংখ্যা খুঁজি যা ১৫,২৫,৩৫ ও ৪৫ দ্বারা বিভাজ্য।",১১০২৫
284,"চার অঙ্কের ক্ষুদ্রতম ও বৃহত্তম পূর্ণবর্গ সংখ্যা খুঁজি যা ৮,১৫,২০ ও ২৫ দিয়ে বিভাজ্য।",৩৬০০
285,চার অঙ্কের ক্ষুদ্রতম পূর্ণবর্গ সংখ্যা খুঁজি।,১০১৪
286,চার অঙ্কের বৃহত্তম পূর্ণবর্গ সংখ্যা খুঁজি।,৯৮০১
287,৫০০০ এর নিকটতম ৫০০০ এর থেকে ছোট পূর্ণবর্গ সংখ্যা খুজিঁ।,৪৯০০
288,৫০০০ এর নিকটতম ৫০০০ এর থেকে বড় পূর্ণবর্গ সংখ্যা খুজিঁ।,৫০৪১
289,দুটি ধণাত্মক পূর্ণবর্গ সংখ্যার গুণফল ১৫৭৬ এবং ভাগফল ৯/৭ বড় সংখ্যাটি কী হবে হিসাব করি।,৪৫
290,দুটি ধণাত্মক পূর্ণবর্গ সংখ্যার গুণফল ১৫৭৬ এবং ভাগফল ৯/৭ ছোট সংখ্যাটি কী হবে হিসাব করি।,৩৫
291,২০২* এর * অঙ্কটি কী হলে সংখ্যাটি পূর্ণবর্গ হবে তা হিসাব করি।,৫ 
292,"দেবুবাবু নতুন বাড়ি বানিয়েছেন। আজ তিনি নিজেই তাঁর বাড়ির দুটি সমান মাপের জানালা রং করবেন। প্রতি জানালার দুটো পাল্লা। যদি প্রতিটি পাল্লা রং করতে তার ২ ঘণ্টা ১৫ মিনিট করে সময় লাগে, তবে দেবুবাবুর দুটি জানালা রং করতে মোট কত ঘন্টা সময় লাগবে হিসাব করি।",৯
293, ১৮৯৫ সাল থেকে ১৯১৫ সাল পর্যন্ত মোট কতগুলো লিপইয়ার ছিলো।,৪
294,২০১০ সাল থেকে ২০৩০ সাল পর্যন্ত মোট কতগুলো লিপইয়ার ছিলো।,৫
295,আমি ২০১০ সাল থেকে ২০১৩ সাল পর্যন্ত মোট চার বছর এই কলেজঘাট রোডের বাড়িতে ছিলাম। আমি মোট কতদিন কলেজঘাট রোডের বাড়িতে ছিলাম হিসাব করি।,১৪৬১
296,ভারতবর্ষ স্বাধীন হওয়ার পরে ২০২৪ সাল পর্যন্ত মোট কতগুলি সাল লিপইয়ার হয়েছে ?,২০
297,ভারতবর্ষ স্বাধীন হওয়ার পরে ২০১৪ সাল পর্যন্ত মোট কতগুলি সাল লিপইয়ার হয়েছে ?,১৭
298,আমার বসার ঘরের মেঝের মাপ নিলাম। দেখছি বসার ঘরের আয়তক্ষেত্রাকার মেঝের দৈর্ঘ্য ৮ মিটার ও প্রস্থ ৫ মিটার। বসার ঘরের মেঝের দৈর্ঘ্য ও প্রস্থের অনুপাত কত তা লিখি।,৮ঃ৫
299,"সবিতা অনেকগুলি জবা ফুলের মালা ও অনেকগুলি গাঁদা ফুলের মালা তৈরি করল। যদি সে ১২টি জবা ফুলের মালা ও ১৫টি গাঁদা ফুলের মালা তৈরি করে থাকে, তবে জবা ফুলের ও গাঁদা ফুলের মালার সংখ্যার অনুপাত কত লিখি।",৪ঃ৫
300,"আমার ও সুতপার বয়সের অনুপাত ৫ঃ৬; আমার বয়স ১০ বছর হলে, সুতপার বয়স কত হিসাব করে লিখি।",১২
301,"আজ আমরা মোট ১০ জন মাঠে খেলতে এসেছি। যদি আমাদের মধ্যে মেয়ে ও ছেলের সংখ্যার অনুপাত ২ঃ৩ হয়, তবে কতজন মেয়ে খেলতে এসেছি হিসাব করি।",৪ 
302,"আজ আমরা মোট ১০ জন মাঠে খেলতে এসেছি। যদি আমাদের মধ্যে মেয়ে ও ছেলের সংখ্যার অনুপাত ২ঃ৩ হয়, তবে কতজন ছেলে খেলতে এসেছি হিসাব করি।",৬
303,"বাবা বাজার থেকে ৪ জোড়া কলা কিনে এনেছেন। যদি ভাই ও বোন সব কলা ১ঃ৩ অনুপাতে খেয়ে ফেলে, তবে ভাই কতগুলি কলা খেয়েছে হিসাব করে দেখি।",২
304,"বাবা বাজার থেকে ৪ জোড়া কলা কিনে এনেছেন। যদি ভাই ও বোন সব কলা ১ঃ৩ অনুপাতে খেয়ে ফেলে, তবে বোন কতগুলি কলা খেয়েছে হিসাব করে দেখি।",৬
305,২ মিটার লম্বা বাঁশের দৈর্ঘ্যরে ৭৫ সে.মি.. দৈর্ঘ্যে লাল রং দিলাম। বাঁশের বাকি দৈর্ঘ্যে সাদা রং দিলাম। বাঁশের মোট দৈর্ঘ্য ও বাঁশে লাল রং দেওয়া দৈর্ঘ্যের অনুপাত লিখি।,৮ঃ৩
306,২ মিটার লম্বা বাঁশের দৈর্ঘ্যরে ৭৫ সে.মি.. দৈর্ঘ্যে লাল রং দিলাম। বাঁশের বাকি দৈর্ঘ্যে সাদা রং দিলাম। বাঁশের মোট দৈর্ঘ্য ও বাঁশে সাদা রং দেওয়া দৈর্ঘ্যের অনুপাত লিখি।,৮ঃ৫
307,২ মিটার লম্বা বাঁশের দৈর্ঘ্যরে ৭৫ সে.মি.. দৈর্ঘ্যে লাল রং দিলাম। বাঁশের বাকি দৈর্ঘ্যে সাদা রং দিলাম। বাঁশে লাল রং দেওয়া দৈর্ঘ্য ও সাদা রং দেওয়া দৈর্ঘ্যের অনুপাত লিখি।,৩ঃ৫
308,আমার কাছে ২৬টি স্ট্যাম্প আছে। আমি ও মিতা ৮ঃ৫ অনুপাতে স্ট্যাম্পগুলি ভাগ করে নেব। হিসাব করে দেখি মিটা কতগুলি স্ট্যাম্প নেবে।,১৬
309,আমার কাছে ২৬টি স্ট্যাম্প আছে। আমি ও মিতা ৮ঃ৫ অনুপাতে স্ট্যাম্পগুলি ভাগ করে নেব। হিসাব করে দেখি আমি কতগুলি স্ট্যাম্প নেব।,১০
310,আমার পড়ার বই ও গল্পের বইয়ের অনুপাত ৪ঃ৩; পড়ার বই ২৮টি হলে গল্পের বইয়ের সংখ্যা কত হিসাব করি।,২১
311,আমার পড়ার বই ও গল্পের বইয়ের অনুপাত ৪ঃ৩; পড়ার বই ২৮টি হলে মোট বইয়ের সংখ্যা কত হিসাব করি।,৪৯
312,সমবাহু ত্রিভুজের তিনটি কোণের অনুপাত লিখি।,১ঃ১ঃ১
313,সমকোণী সমদ্বিবাহু ত্রিভুজের তিনটি কোণের অনুপাত লিখি।,১ঃ১ঃ২
314,২১০ টাকা ফাতেমা ও শাকিলের মধ্যে ৩:৪ অনুপাতে ভাগ করে দেওয়ার চেষ্টা করি। ফাতেমাকে কত টাকা দেব হিসাব করি।,৯০
315,২১০ টাকা ফাতেমা ও শাকিলের মধ্যে ৩:৪ অনুপাতে ভাগ করে দেওয়ার চেষ্টা করি। শাকিলকে কত টাকা দেব হিসাব করি।,১২০
316,৮৬৫৫ এর সাথে কোন ক্ষুদ্রতম সংখ্যা যোগ করলে যোগফল একটি পূর্ণ বর্গসংখ্যা হবে ?,১৮১
317,৬৫১২০১ থেকে কোন ক্ষুদ্রতম সংখ্যা বিয়োগ করলে বিয়োগফল একটি পূর্ণবর্গসংখ্যা হবে ?,১৫৬৫
318,৪৬৩৯ থেকে কোন ক্ষুদ্রতম সংখ্যা বিয়োগ করলে বিয়োগফল একটি পূর্ণ বর্গ সংখ্যা হবে ?,১৫
319,৫৬০৫ থেকে কোন ক্ষুদ্রতম সংখ্যা বিয়োগ করলে বিয়োগফল একটি পূর্ণ বর্গসংখ্যা হবে?,১২৯
320,"যদি কোনও দোকান ৫০০ টাকার আইটেমের উপর ২০% ছাড় দেয়
 তবে আপনি কত টাকা সাশ্রয় করবেন?",১০০
321,"তানভিরের খামারে ৫০ টি ষাড় ও ৬০ টি গাভী আছে। প্রতিটি গাভী যদি বছরে ২ টা বাছুর জন্ম দেয়, তবে এক বছর পর তানভিরের খামারে মোট কয়টা পশু থাকবে?",২৩০
322,"তানভিরের খামারে ৫০ টি ষাড় ও ৬০ টি গাভী আছে। প্রতিটি গাভী যদি বছরে ২ টা বাছুর জন্ম দেয় এবং ৩০% বাছুর রোগের কারনে মারা যায়, তবে এক বছর পর তানভিরের খামারে মোট কয়টা পশু থাকবে?",১৯৪
323,"আবিরের কাছে ১০ টি ১০ টাকার নোট, ১০ টি ২০ টাকার নোট ও ১০ টি ৫০ টাকার নোট আছে। সর্বনিম্ন কয়টা নোট ব্যবহার করে সে ১৯০ টাকা পরিশোধ করতে পারবে?",৫
324,"আবিরের কাছে ১০ টি ১০ টাকার নোট, ১ টি ২০ টাকার নোট ও ১০ টি ৫০ টাকার নোট আছে। সর্বনিম্ন কয়টা নোট ব্যবহার করে সে ১৯০ টাকা পরিশোধ করতে পারবে?",৬
325,"আবিরের কাছে ১০ টি ১০ টাকার নোট, ১০ টি ২০ টাকার নোট ও ১০ টি ৫০ টাকার নোট আছে। সর্বনিম্ন কয়টা নোট ব্যবহার করে সে ২০০ টাকা পরিশোধ করতে পারবে?",৪
326,"এক ডলার সমান ১০০ টাকা হলে, সাত কোটি চুরানব্বই লক্ষ সাইত্রিশ হাজার একশত টাকা সমান কত ডলার? ",৭৯৪৩৭১
327,"এক ইউরো সমান ১২০ টাকা হলে, নয় কোটি চুরানব্বই লক্ষ তেত্রিশ হাজার চারশত চল্লিশ টাকা সমান কত ইউরো?",৮২৮৬১২
328,গীতা অপেক্ষা শিহাবের ২১০ টাকা বেশি আছে। শিমুল অপেক্ষা গীতার ৩৫০ টাকা কম আছে। শিমুলের কাছে ৪২০ টাকা আছে। গীতার কাছে কত টাকা আছে ?,৭০
329,গীতা অপেক্ষা শিহাবের ২১০ টাকা বেশি আছে। শিমুল অপেক্ষা গীতার ৩৫০ টাকা কম আছে। শিমুলের কাছে ৪২০ টাকা আছে। শিহাবের কাছে কত টাকা আছে ?,২৮০
330,তিনটি সংখ্যার যোগফল ৮৪০২৫। তাদের মধ্যে দুইটি সংখ্যা ১২৪৫০ ও ৩৭৮৫৫ হলে তৃতীয় সংখ্যাটি কত?,৩৩৭২০
331,সোহাগ ৭০০০০ টাকা দিয়ে একটি মোটর সাইকেল ক্রয় করলেন। মোটর সাইকেলটির রেজিস্ট্রেশন বাবদ ১৫০০ টাকা ও মেরামত বাবদ ৮০০ টাকা খরচ হলো। এখন সে যদি মোটর সাইকেলটি ১০০০০০ টাকার বিক্রি করে তাহলে তার কত টাকা লাভ হবে ?,২৭৭০০
332,"৬, ৪, ৮ ও ২ অঙ্কগুলো মাত্র একবার ব্যবহার করে গঠিত বৃহত্তম ও ক্ষুদ্রতম সংখ্যার পার্থক্য কত ?",৬১৭৪
333,কোন সংখ্যাকে ৩ দিয়ে ভাগ করলে এর ভাগফল ৩ এবং ভাগশেষ ১ পাওয়া যায়। সংখ্যাটি কত?,১০
334,আমার কাছে ৩৬ সে.মি. লম্বা ও ২৪ সে.মি. চওড়া একটি কাগজ আছে। আমি বর্গ আকৃতির কাগজ দিয়ে কাগজের পৃষ্ঠাটি ঢাকতে চাই। সম্ভাব্য সবচেয়ে বড় কাগজের বর্গটির বাহুর দৈর্ঘ্য কত?,১২
335,রাসেলের কাছে ৪৫টি আপেল ও ১৮টি কমলা আছে। রাসেল কোনো আপেল বা কমলা অবশিষ্ট না রেখে যত বেশি সম্ভব শিশুর মধ্যে এমনভাবে ভাগ করে দিতে চায় যাতে প্রত্যেকে সমান সংখ্যক আপেল ও কমলা পায়। রাসেল কত জন শিশুর মাঝে এগুলো ভাগ করে দিতে পারবে?,৯
336,কোনো দৌড় প্রতিযোগিতার পথের এক চক্র সমান ৮০০ মিটার। কততম বারে ১০০০০ মিটার পথ অতিক্রম করবে ? (উত্তর ক্রমবাচক সংখ্যায়),১৩
337,"কোনো বাড়িতে ৯৮০০০ গ্রাম চাল আছে । তাদের যদি প্রতিদিন ৬৫০ গ্রাম চাল লাগে, তবে কততম
দিনে চাল শেষ হবে? (উত্তর ক্রমবাচক সংখ্যায়)",১৫১
338,একজন লোক প্রতি মাসে ৮৫০ টাকা করে সঞ্চয় করেন । কততম মাসে তার সঞ্চিত টাকা ৫০০০০ অতিক্রম করবে? (উত্তর ক্রমবাচক সংখ্যায়),৫৯
339,একটি পানির ট্যাংকে প্রতি মিনিটে ৫ লিটার পানি আসে এবং ২ লিটার পানি খরচ হয়। ১০ মিনিটে পানির ট্যাংকটিতে কত লিটার পানি থাকবে?,৩০
340,১২টি বিস্কুট এবং ৩০টি চকলেটের মূল্য একত্রে ১৯২ টাকা। একটি বিস্কুটের মূল্য ৬ টাকা হলে একটি চকলেটের মূল্য কত ?,৪
341,"একজন শিক্ষক ৬০ টি পেন্সিল, ৩৬ টি রাবার ও ১৮ টি খাতা কয়েকজন শিক্ষার্থীর মধ্যে সমান ভাগে ভাগ করে দিতে চান। সর্বোচ্চ কতজন শিক্ষার্থীর মধ্যে এই পেন্সিল, রাবার ও খাতাগুলো সমান ভাগে ভাগ করে দেওয়া যাবে?",৬
342,একটি রাস্তায় কিছু গাছ এবং ল্যাম্পপোস্ট আছে। ২৫ মিটার পরপর গাছ এবং ২০ মিটার পরপর ল্যাম্পপোস্ট আছে। রাস্তার শুরুতে পাছ ও ল্যাম্পপোস্ট একত্রে থাকলে কত মিটার পরপর গাছ এবং ল্যাম্পপোস্ট পুনরায় একসাথে থাকবে ?,১০০
343,"কোনো স্থানে ১০ জনের বেশি শিক্ষার্থী আছে। একজন শিক্ষক ৪২টি কলা, ৮৪টি বিস্কুট এবং ১০৫টি চকলেট কোনো অবশিষ্ট না রেখে শিক্ষার্থীদের মধ্যে সমানভাগে ভাগ করে দিতে চান। কতজন শিক্ষার্থীর মধ্যে শিক্ষক কলা, বিস্কুট এবং চকলেট ভাগ করে দিতে পারবেন ?",২১
344,৫% ট্যাক্স সহ একটি গরুর মূল্য ১০৭১০০ টাকা হলে ট্যাক্স ছাড়া গরুর মূল্য কত?,১০২০০০
345,৭/৪ মি দৈর্ঘ্য এবং ৬/৫ মি প্রস্থবিশিষ্ট একটি আয়তাকার বোর্ডের ক্ষেত্রফল নির্ণয় কর।,২১/১০
346,একটি বর্গাকার মাঠের এক পাশের দৈর্ঘ্য ৫/২ কি.মি.। মাঠের ক্ষেত্রফল নির্ণয় কর।,২৫/৪
347,"৩/৫ বর্গ মি দেয়াল রঙিন করতে ১/৩ ডেসি লি রং লাগে। ১ ডেসি লি রং দ্বারা কত বর্গ মি দেয়াল
রঙিন করা যাবে?",৯/৫
348,"একটি লাঠির ১/৬ অংশ মাটিতে, ১/২ অংশ পানিতে এবং অবশিষ্ট অংশ পানির উপরে আছে। পানির উপরের অংশের দৈর্ঘ্য ২ মিটার। লাঠির কত মিটার পানিতে আছে?",৩
349,"একটি লাঠির ১/৬ অংশ মাটিতে, ১/২ অংশ পানিতে এবং অবশিষ্ট অংশ পানির উপরে আছে। পানির উপরের অংশের দৈর্ঘ্য ২ মিটার। লাঠির কত মিটার মাটিতে আছে?",১
350,"একটি লাঠির ১/৬ অংশ মাটিতে, ১/২ অংশ পানিতে এবং অবশিষ্ট অংশ পানির উপরে আছে। পানির উপরের অংশের দৈর্ঘ্য ২ মিটার। সম্পূর্ণ লাঠির দৈর্ঘ্য কত মিটার?",৬
351,"একটি লাঠির ১/২ অংশ মাটিতে, ১/৩ অংশ পানিতে এবং অবশিষ্ট অংশ পানির উপরে আছে। পানির উপরের অংশের দৈর্ঘ্য ৩ মিটার। লাঠির কত মিটার পানিতে আছে?",৬
352,"একটি লাঠির ১/২ অংশ মাটিতে, ১/৩ অংশ পানিতে এবং অবশিষ্ট অংশ পানির উপরে আছে। পানির উপরের অংশের দৈর্ঘ্য ৩ মিটার। লাঠির কত মিটার মাটিতে আছে?",৯
353,"একটি লাঠির ১/২ অংশ মাটিতে, ১/৩ অংশ পানিতে এবং অবশিষ্ট অংশ পানির উপরে আছে। পানির উপরের অংশের দৈর্ঘ্য ৩ মিটার। সম্পূর্ণ লাঠির দৈর্ঘ্য কত মিটার?",১৮
354,"একটি হোস্টেলে প্রতিদিন ৬০/৭ কুইন্টাল চাল লাগে। হোস্টেলটিতে এক সপ্তাহে কত কুইন্টাল চাল
লাগবে?",৬০
355,একটি ধাতব নলের ১মি এর ওজন ১৩/8 কেজি। নলটির ৩/৫ মি এর ওজন কত কেজি ?,৩৯/২০
356,"৩২/৫ মি তার যদি আমরা ৪/৫ মি করে টুকরা করি, তাহলে কত টুকরা হবে?",৮
357,৫ মি দৈর্ঘ্যের একটি ধাতব নলের ওজন ২০/৭ কেজি। ১ কেজি ওজনের নল পেতে কত মি দৈর্ঘ্যের নল কাটতে হবে?,৭/৪
358,"আহমেদের কাছে ৪ কেজি তেল আছে। ১ লিটার তেলের ওজন ৬/৭ কেজি হলে, তার কাছে কত লিটার তেল আছে? ",১৪/৩
359,"সাজ্জাদ সাহেবের ২৪,০০০ টাকা ছিল। তিনি এই টাকার ৫/১২ অংশ এতিমখানায়, ৩/৮ অংশ শিক্ষা প্রতিষ্ঠানে দান করলেন। তার কাছে কত টাকা বাকি আছে? ",৫০০০
360,"সাজ্জাদ সাহেবের ২৪,০০০ টাকা ছিল। তিনি এই টাকার ৫/১২ অংশ এতিমখানায়, ৩/৮ অংশ শিক্ষা প্রতিষ্ঠানে দান করলেন। তিনি কত টাকা এতিমখানায় দিলেন?",১০০০০
361,"সাজ্জাদ সাহেবের ২৪,০০০ টাকা ছিল। তিনি এই টাকার ৫/১২ অংশ এতিমখানায়, ৩/৮ অংশ শিক্ষা প্রতিষ্ঠানে দান করলেন। তিনি কত টাকা শিক্ষা প্রতিষ্ঠানে দিলেন?",৯০০০
362,"এক মিটার তারের ওজন ৪০০ গ্রাম। একটি তারের দৈর্ঘ্য ২.৪ মিটার হলে
সম্পূর্ণ তারের ওজন কত গ্রাম?",৯৬০
363,এক মিটার লোহার দণ্ডের ওজন ২.৩ কেজি। দণ্ডটির দৈর্ঘ্য ১.৪ মিটার হলে এর ওজন কত কেজি?,৩.২২
364,একটি পাত্রে ১.৬ লিটার রং আছে এবং এর ওজন ২.৪ কেজি। প্রতি লিটার রং এর ওজন নির্ণয় কর।,১.৫০
365,একটি আয়তাকার জমির ক্ষেত্রফল ২৯.৪ বর্গ মিটার। এর দৈর্ঘ্য ৮.৪ মিটার হলে প্রস্থ কত ?,৩.৫০
366,"একটি আয়তাকার জমির প্রস্থ ৪.৭৫ মিটার এবং দৈর্ঘ্য ১২.৮ মিটার। জমিটির ক্ষেত্রফল নির্ণয়
কর।",৬০.৮০
367,"রেজার ওজন ৩৬.৫ কেজি, তার ছোট ভাই এবং বাবার ওজন যথাক্রমে তার ওজনের ০.৮ গুণ এবং ১.৬ গুণ। তার ভাইয়ের ওজন নির্ণয় কর।",২৯.২০
368,"রেজার ওজন ৩৬.৫ কেজি, তার ছোট ভাই এবং বাবার ওজন যথাক্রমে তার ওজনের ০.৮ গুণ এবং ১.৬ গুণ। তার বাবার ওজন নির্ণয় কর।",৫৮.৪০
369,একটি আয়তাকার জমির ক্ষেত্রফল ৭২৯ বর্গমিটার। এর প্রস্থ ২২.৫ মিটার হলে দৈর্ঘ্য নির্ণয় কর।,৩২.৪০
370,"৩.২৫ মিটার লম্বা একটি লোহার খণ্ডের ওজন ১৫.৬ কেজি। লোহার খণ্ডের প্রতি মিটারের ওজন
নির্ণয় কর।",৪.৮০
371,"রেজা গত সপ্তাহে প্রতিদিন যথাক্রমে ২, ১.৫, ১, ১.৫, ১, ২, ৫ ঘণ্টা করে বাড়িতে পড়ালেখা করে। সে প্রতিদিন গড়ে কত ঘণ্টা করে বাড়িতে পড়ালেখা করসে?",২
372,"রেজা গত সপ্তাহে প্রতিদিন যথাক্রমে ৩, ২.৫, ৩, ৪.৫, ৩, ২, ৩ ঘণ্টা করে বাড়িতে পড়ালেখা করে। সে প্রতিদিন গড়ে কত ঘণ্টা করে বাড়িতে পড়ালেখা করসে?",৩
373,"রেজা গত সপ্তাহে প্রতিদিন যথাক্রমে ৩, ২.৫, ৩.৫, ৪.৫, ৩.৫, ৪, ৩.৫ ঘণ্টা করে বাড়িতে পড়ালেখা করে। সে প্রতিদিন গড়ে কত ঘণ্টা করে বাড়িতে পড়ালেখা করসে?",৩.৫০
374,"রেজা গত সপ্তাহে প্রতিদিন যথাক্রমে ২, ১.৫, ১, ১.৫, ৩, ২, ৩ ঘণ্টা করে বাড়িতে পড়ালেখা করে। সে প্রতিদিন গড়ে কত ঘণ্টা করে বাড়িতে পড়ালেখা করসে?",২
375,"একটি বাক্সের ২০টি কমলার মধ্যে আমরা ৩টির ওজন মেপে পেলাম যথাক্রমে ৩৩৫ গ্রাম, ৩২০ গ্রাম এবং ৩৭১ গ্রাম । কমলা ৩টির গড় ওজন নির্ণয় কর।",৩৪২
376,"একটি বাক্সের ২০টি কমলার মধ্যে আমরা ৩টির ওজন মেপে পেলাম যথাক্রমে ৩৩৫ গ্রাম, ৩২০ গ্রাম এবং ৩৭১ গ্রাম । গড় ওজনের ভিত্তিতে ২০টি কমলার মোট ওজন (কেজিতে) নির্ণয় কর।",৬.৮৪
377,"একটি বাক্সের ৩০টি কমলার মধ্যে আমরা ৩টির ওজন মেপে পেলাম যথাক্রমে ২৩৫ গ্রাম, ১২০ গ্রাম এবং ৩৬৫ গ্রাম । কমলা ৩টির গড় ওজন নির্ণয় কর।",২৪০
378,"একটি বাক্সের ৩০টি কমলার মধ্যে আমরা ৩টির ওজন মেপে পেলাম যথাক্রমে ২৩৫ গ্রাম, ১২০ গ্রাম এবং ৩৬৫ গ্রাম । গড় ওজনের ভিত্তিতে ৩০টি কমলার মোট ওজন (কেজিতে) নির্ণয় কর।",৭.২০
379,"৮টি ডিমের ওজন যথাক্রমে ৫৪ গ্রাম, ৫৬ গ্রাম, ৫০ গ্রাম, ৫৮ গ্রাম, ৫৭ গ্রাম, ৫০ গ্রাম, ৫৩ গ্রাম, ৫০ গ্রাম। ৮টি ডিমের গড় ওজন নির্ণয় কর।",৫৩.৫০
380,"৫টি ডিমের ওজন যথাক্রমে ৫৮ গ্রাম, ৫৭ গ্রাম, ৫০ গ্রাম, ৫৩ গ্রাম, ৫১ গ্রাম। ৫টি ডিমের গড় ওজন নির্ণয় কর।",৫৩.৮০
381,৬টি বইয়ের ওজন ৯২৪ গ্রাম। বইগুলোর গড় ওজন বের কর।,১৫৪
382,কোনো বিদ্যালয়ের ৫ম শ্রেণির মোট ৩০ জন শিক্ষার্থীর মধ্যে ১২ জন ছাত্রী। মোট শিক্ষার্থীর শতকরা কত জন ছাত্রী?,৪০
383,কোনো বিদ্যালয়ের ৫ম শ্রেণির মোট ৫০ জন শিক্ষার্থীর ৪২% ছাত্রী। ঐ শ্রেণিতে মোট কত জন ছাত্রী?,২১
384,কোনো বিদ্যালয়ের ৫ম শ্রেণির মোট ৫০ জন শিক্ষার্থীর ৪২% ছাত্রী। ঐ শ্রেণিতে মোট কত জন ছাত্র?,২৯
385,"জসিম একটি ব্যাংক থেকে ৬% বার্ষিক মুনাফায় ২,০০০ টাকা ঋণ নিলে জসিমকে প্রতি বছর
কত টাকা মুনাফা দিতে হবে।",১২০
386,ঢাকায় মে মাসে মোট ২৪৮ সে.মি. বৃষ্টি হলে গড়ে প্রতিদিন কত সে.মি. বৃষ্টি হয়েছে?,৮
387, খুলনায় এপ্রিল মাসে মোট ২১০ সে.মি. বৃষ্টি হলে গড়ে প্রতিদিন কত সে.মি. বৃষ্টি হয়েছে?,৭
388,সোহেল একটি ব্যাংক থেকে ৮০০ টাকা ঋণ নিয়ে এক বছর পর ৮৫৬ টাকা ফেরত দিল। বার্ষিক মুনাফার হার শতকরা কত টাকা ছিল ?,৭
389,রুহেল একটি ব্যাংক থেকে ১৮০০ টাকা ঋণ নিয়ে তিন বছর পর ২৩৪০ টাকা ফেরত দিল। বার্ষিক মুনাফার হার  শতকরা কত টাকা ছিল ?,১০
390,আমিনা কোনো ব্যাংক থেকে বার্ষিক ৫% মুনাফায় কিছু টাকা ঋণ নিয়ে এক বছর পর ৩০ টাকা মুনাফা দিল। আসল কত টাকা ছিল ?,৬০০
391,কল্যাণী কোনো ব্যাংক থেকে বার্ষিক ৫% মুনাফায় কিছু টাকা ঋণ নিয়ে পাঁচ বছর পর ৩৫০ টাকা মুনাফা দিল। আসল কত টাকা ছিল ?,১৪০০
392,"ব্যাংক থেকে বার্ষিক ৮% মুনাফায় কিছু টাকা ঋণ নিয়ে, এক বছর পর ৬০০ টাকা মুনাফা দেওয়া হলো। আসল কত ছিল?",৭৫০০
393,লিংকন ব্যাংক থেকে বার্ষিক ৬% মুনাফার কিছু টাকা ঋণ নিয়ে এক বছর পর ১২৭২ টাকা দিন। আসল কত ছিল?,২১২০০
394,পুজা ব্যাংক থেকে বার্ষিক ১২% মুনাফায় কিছু টাকা ঋণ নিয়ে এক বছর পর ১৬৮০ টাকা মুনাফা দিল । আসল কত ছিল?,১৪০০০
395,"তনিমা ব্যাংক থেকে ৩ বছরের জন্য ২,০০০ টাকা ঋণ নিলেন। বার্ষিক মুনাফার হার ৪%। ৩ বছর পর তাকে কত টাকা মুনাফা দিতে হবে?",২৪০
396,শ্যামল চাকমা একটি ব্যাংক থেকে ৪৫০০ টাকা ঋণ নিলেন। বার্ষিক ৮% মুনাফা আসলের উপর ধার্য করা হলো । ১০ বছর পর তাকে কত টাকা মুনাফা দিতে হবে?,৩৬০০
397,শ্যামল চাকমা একটি ব্যাংক থেকে ৪৫০০ টাকা ঋণ নিলেন। বার্ষিক ৮% মুনাফা আসলের উপর ধার্য করা হলো । ১০ বছর পর তাকে মোট কত টাকা পরিশোধ করতে হবে?,৮১০০
398,শ্যামল চাকমা একটি ব্যাংক থেকে ৪৫০০ টাকা ঋণ নিলেন। বার্ষিক ৮% মুনাফা আসলের উপর ধার্য করা হলো । কত বছর পর মোট মুনাফার পরিমাণ ২৫২০ টাকা হবে?,৭
399,২৫ লিটার ৫০ লিটারের কত %?,১২.৫০
400,১২০ কিলোগ্রামের ২০% কত কিলোগ্রাম?,২৪
401,৩০ জন লোক কত জন লোকের ৩০%?,৯
402,৮৬৫৫ থেকে কোন ক্ষুদ্রতম সংখ্যা বিয়োগ করলে বিয়োগফল একটি পূর্ণ বর্গসংখ্যা হবে ?,৬
403,৬৫১২০১ এর সাথে কোন ক্ষুদ্রতম সংখ্যা যোগ করলে যোগফল একটি পূর্ণবর্গসংখ্যা হবে ?,৪৮
404,৪৬৩৯ থেকে ক্ষুদ্রতম সংখ্যা বিয়োগ করলে বিয়োগফল একটি পূর্ণ বর্গ সংখ্যা হবে ?,১৫
405,৫৬০৫ এর সাথে কোন ক্ষুদ্রতম সংখ্যা যোগ করলে যোগফল একটি পূর্ণ বর্গসংখ্যা হবে?,২০
406,কোনো বাগানে ১২৯৬ টি আমগাছ আছে। বাগানের দৈর্ঘ্য ও প্রস্থের উভয় দিকের প্রত্যেক সারিতে সমান সংখ্যক আমগাছ থাকলে প্রত্যেক সারিতে গাছের সংখ্যা নির্ণয় কর।,৩৬
407,"একটি স্কাউট দলকে, ৯, ১০ এবং ১২ সারিতে সাজানো যায়। আবার তাদের বর্গাকারেও সাজানো যায়। ঐ স্কাউট দলে কমপক্ষে কতজন স্কাউট রয়েছে।",৯০০
408,৫৬৭২৮ জন সৈন্য থেকে কমপক্ষে কতজন সৈন্য সরিয়ে রাখলে সৈন্যদলকে বর্গাকারে সাজানো যাবে ?,৮৪
409,৫৬৭২৮ জন সৈন্যের সাথে কমপক্ষে আর কতজন সৈন্য যোগ দিলে সৈন্যদলকে বর্গাকারে সাজানো যাবে ?,৩৯৩
410,কোনো বিদ্যালয়ের ২৭০৪ জন শিক্ষার্থীকে প্রাত্যহিক সমাবেশ করার জন্য বর্গাকারে সাজানো হলো। প্রত্যেক সারিতে শিক্ষার্থীর সংখ্যা নির্ণয় কর।,৫২
411,একটি সমবায় সমিতির যতজন সদস্য ছিল প্রত্যেকে তত ২০ টাকা করে চাঁদা দেওয়ায় মোট ২০৪৮০ টাকা হলো। ঐ সমিতির সদস্য সংখ্যা নির্ণয় কর।,৩২
412,কোনো বাগানে ১৮০০ টি চারাগাছ বর্গাকারে লাগাতে গিয়ে ৩৬ টি গাছ বেশি হলো। প্রত্যেক সারিতে চারাগাছের সংখ্যা নির্ণয় কর।,৪২
413,"কোন ক্ষুদ্রতম পূর্ণ বর্গসংখ্যা ৯,১৫ এবং ২৫ দ্বারা বিভাজ্য ?",২২৫
414,একটি ধানক্ষেতের ধান কাটতে শ্রমিক নেওয়া হলো। প্রত্যেক শ্রমিকের মজুরি তাদের সংখ্যার ১০ গুণ। দৈনিক মোট মজুরি ৬২৫০ টাকা হলে শ্রমিকের সংখ্যা বের কর।,২৫
415,"দুইটি ক্রমিক সংখ্যার বর্গের অন্তর ৩৭ হলে, বড় সংখ্যাটি নির্ণয় কর।",১৯
416,"দুইটি ক্রমিক সংখ্যার বর্গের অন্তর ৩৭ হলে, ছোট সংখ্যাটি নির্ণয় কর।",১৮
417,এমন দুইটি ক্ষুদ্রতম ক্রমিক সংখ্যা আছে যাদের বর্গের অন্তর একটি পূর্ণ বর্গসংখ্যা। বড় সংখ্যাটি নির্ণয় কর।,৫
418,এমন দুইটি ক্ষুদ্রতম ক্রমিক সংখ্যা আছে যাদের বর্গের অন্তর একটি পূর্ণ বর্গসংখ্যা। ছোট সংখ্যাটি নির্ণয় কর।,৪
419,১২ জন লোক একটি কাজ ৯ দিনে করতে পারে। একই হারে কাজ করলে ১৮ জনে কাজটি কত দিনে করতে পারবে ?,৬
420,"২০ মিটার কাপড়কে তিন ভাইবোন অমিত, সুমিত ও চৈতির মধ্যে ৫ : ৩ : ২ অনুপাতে ভাগ করলে অমিতের কাপড়ের পরিমাণ কত?",১০
421,"২০ মিটার কাপড়কে তিন ভাইবোন অমিত, সুমিত ও চৈতির মধ্যে ৫ : ৩ : ২ অনুপাতে ভাগ করলে সুমিতের কাপড়ের পরিমাণ কত?",৬
422,"২০ মিটার কাপড়কে তিন ভাইবোন অমিত, সুমিত ও চৈতির মধ্যে ৫ : ৩ : ২ অনুপাতে ভাগ করলে চৈতির কাপড়ের পরিমাণ কত?",৪
423,"পনির ও তপনের আয়ের অনুপাত ৪ : ৩। তপন ও রবিনের আয়ের অনুপাত ৫ : ৪। পনিরের আয় ১২০টাকা হলে, রবিনের আয় কত ?",৭২
424,একটি গার্মেন্টস ফ্যাক্টরিতে দৈনিক ৫৫০ টি শার্ট তৈরি হয়। ঐ ফ্যাক্টরিতে একই হারে ১ সপ্তাহে কতটি শার্ট তৈরি হয় ?,৩৮৫০
425,"কবির সাহেবের তিন পুত্রের বয়স যথাক্রমে ৫ বছর, ৭ বছর ও ৯ বছর। তিনি ৪২০০ টাকা তিন পুত্রকে তাদের বয়স অনুপাতে ভাগ করে দিলেন, বড় ছেলে কত টাকা পাবে ?",১৮০০
426,"কবির সাহেবের তিন পুত্রের বয়স যথাক্রমে ৫ বছর, ৭ বছর ও ৯ বছর। তিনি ৪২০০ টাকা তিন পুত্রকে তাদের বয়স অনুপাতে ভাগ করে দিলেন, মেঝো ছেলে কত টাকা পাবে ?",১৪০০
427,"কবির সাহেবের তিন পুত্রের বয়স যথাক্রমে ৫ বছর, ৭ বছর ও ৯ বছর। তিনি ৪২০০ টাকা তিন পুত্রকে তাদের বয়স অনুপাতে ভাগ করে দিলেন, ছোট ছেলে কত টাকা পাবে ?",১০০০
428,"২১৬০ টাকা রূমি, জেসমিন ও কাকলির মধ্যে ১ : ২ : ৩ অনুপাতে ভাগ করে দিলে রূমি কত টাকা পাবে ?",৩৬০
429,"২১৬০ টাকা রূমি, জেসমিন ও কাকলির মধ্যে ১ : ২ : ৩ অনুপাতে ভাগ করে দিলে জেসমিন কত টাকা পাবে ?",৭২০
430,"২১৬০ টাকা রূমি, জেসমিন ও কাকলির মধ্যে ১ : ২ : ৩ অনুপাতে ভাগ করে দিলে কাকলি কত টাকা পাবে ?",১০৮০
431,"কিছু টাকা লাবিব , সামি ও সিয়াম এর মধ্যে ৫ : ৪ : ২ অনুপাতে ভাগ করে দেওয়া হলো। সিয়াম ১৮০ টাকা পেলে লাবিব কত টাকা পাবে নির্ণয় কর।",৪৫০
432,"কিছু টাকা লাবিব , সামি ও সিয়াম এর মধ্যে ৫ : ৪ : ২ অনুপাতে ভাগ করে দেওয়া হলো। সিয়াম ১৮০ টাকা পেলে সামি কত টাকা পাবে নির্ণয় কর।",৩৬০
433,"সবুজ, ডালিম ও লিংকন তিন ভাই। তাদের পিতা ৬৩০০ টাকা তাদের মধ্যে ভাগ করে দিলেন। এতে সবুজ ডালিমের ৩/৫ অংশ এবং ডালিম লিংকনের দ্বিগুণ টাকা পায়। সবুজের টাকার পরিমাণ বের কর।",১৮০০
434,"সবুজ, ডালিম ও লিংকন তিন ভাই। তাদের পিতা ৬৩০০ টাকা তাদের মধ্যে ভাগ করে দিলেন। এতে সবুজ ডালিমের ৩/৫ অংশ এবং ডালিম লিংকনের দ্বিগুণ টাকা পায়। ডালিমের টাকার পরিমাণ বের কর।",৩০০০
435,"সবুজ, ডালিম ও লিংকন তিন ভাই। তাদের পিতা ৬৩০০ টাকা তাদের মধ্যে ভাগ করে দিলেন। এতে সবুজ ডালিমের ৩/৫ অংশ এবং ডালিম লিংকনের দ্বিগুণ টাকা পায়। লিংকনের টাকার পরিমাণ বের কর।",১৫০০
436,"তামা, দস্তা ও রূপার অনুপাত ৩:৫। ঐ গহনায় তামা ও দস্তার অনুপাত ১:২ এবং দস্তা ও রূপার অনুপাত ৩:৫। ১৯ গ্রাম ওজনের গহনায় কত গ্রাম রূপা আছে ?",১০
437,দুইটি সমান মাপের গ্লাস শরবতে পূর্ণ আছে। ঐ শরবতে পানি ও সিরাপের অনুপাত যথাক্রমে প্রথম গ্লাসে ৩:২ ও দ্বিতীয় গ্লাসে ৫:৪। ঐ দুইটি গ্লাসের শরবত একত্রে মিশ্রণ করলে মিশ্রণ করলে পানি ও সিরাপের অনুপাত নির্ণয় কর।,২৬ঃ১৯
438,"ক : খ = ৪:৭, খ:গ =১০:৭ হলে, ক:খ:গ নির্ণয় কর।",৪০ঃ৭০ঃ৪৯
439,"৯৬০০ টাকা সারা, মাইমুনা ও রাইসার মধ্যে ৪:৩:১ অনুপাতে ভাগ করে দিলে সারা কত টাকা পাবে ?",৪৮০০
440,"৯৬০০ টাকা সারা, মাইমুনা ও রাইসার মধ্যে ৪:৩:১ অনুপাতে ভাগ করে দিলে মাইমুনা কত টাকা পাবে ?",৩৬০০
441,"৯৬০০ টাকা সারা, মাইমুনা ও রাইসার মধ্যে ৪:৩:১ অনুপাতে ভাগ করে দিলে রাইসা কত টাকা পাবে ?",১২০০
442,"তিনজন ছাত্রের মধ্যে ৪২০০ টাকা তাদের শ্রেণি অনুপাতে ভাগ করে দেওয়া হলো। তারা যদি যথাক্রমে ৬ষ্ঠ, ৭ম ও ৮ম শ্রেণির শিক্ষার্থী হয়, তবে ৬ষ্ঠ শ্রেণির শিক্ষার্থী কত টাকা পাবে ?",১২০০
443,"তিনজন ছাত্রের মধ্যে ৪২০০ টাকা তাদের শ্রেণি অনুপাতে ভাগ করে দেওয়া হলো। তারা যদি যথাক্রমে ৬ষ্ঠ, ৭ম ও ৮ম শ্রেণির শিক্ষার্থী হয়, তবে ৭ম শ্রেণির শিক্ষার্থী কত টাকা পাবে ?",১৪০০
444,"তিনজন ছাত্রের মধ্যে ৪২০০ টাকা তাদের শ্রেণি অনুপাতে ভাগ করে দেওয়া হলো। তারা যদি যথাক্রমে ৬ষ্ঠ, ৭ম ও ৮ম শ্রেণির শিক্ষার্থী হয়, তবে ৮ম শ্রেণির শিক্ষার্থী কত টাকা পাবে ?",১৬০০
445,সোলায়মান ও সালমানের আয়ের অনুপাত ৫:৭। সালমান ও ইফসুফের আয়ের অনুপাত ৪:৫। সোলায়মানের আয় ১২০ টাকা হলে ইফসুফের আয় কত ?,২১০
446,একজন কমলাবিক্রেতা প্রতিশত কমলা ১০০০ টাকায় কিনে ১২০০ টাকায় বিক্রয় করলেন তাঁর কত লাভ হলো?,২০০
447,"একজন দোকানদার ৫০ কেজির ১ বস্তা চাল ১৬০০ টাকায় কিনলেন। চালের দাম কমেক যাওয়ায় ১৫০০ টাকায় বিক্রয় করেন, তাঁর কত টাকা ক্ষতি হলো ?",১০০
448,৭৫ টাকায় ১৫ টি বলপেন কিনে ৯০ টাকায় বিক্রয় করলে শতকরা কত ভাগ লাভ হবে ?,২০
449,একজন মাছবিক্রেতা প্রতি হালি ইলিশ মাছ ১৬০০ টাকায় কিনে প্রতিটি মাছ ৩৫০ টাকা করে বিক্রয় করলেন। তাঁর শতকরা কত ভাগ লাভ বা ক্ষতি হলো ?,১২.৫০
450,একটি বাক্স আঙ্গুর ২৭৫০ টাকায় বিক্রয় করায় ৪৫০ টাকা ক্ষতি হলো। ঐ আঙ্গুর ৩৬০০ টাকায় বিক্রয় করলে কত টাকা লাভ বা ক্ষতি হতো ?,৪০০
451,একজন চা ব্যবসায়ী একবাক্স চা পাতা কেজি প্রতি ৮০ টাকা হিসাবে ক্রয় করেন। সব চা পাতা কেজি প্রতি ৭৫ টাকা দরে বিক্রয় করায় ৫০০ টাকা ক্ষতি হয়। তিনি কত কেজি চা পাতা ক্রয় করেছিলেন ?,১০০
452,১ ডজন ডিমবিক্রেতা প্রতি ডজন ডিম ১০১ টাকা দরে ৫ ডজন এবং ৯০ টাকা দরে ৬ ডজন ডিম কিনে কত দরে বিক্রয় করলে তাঁর ডজন প্রতি ৩ টাকা লাভ হবে ?,৯৮
453,একটি ছাগল ১০% ক্ষতিতে বিক্রয় করা হলো। বিক্রয়মূল্য ৪৫০ টাকা বেশি হলে ৫% লাভ হতো। ছাগলটির ক্রয়মূল্য কত ?,৩০০০
454,"নাবিল মিষ্টির দোকান থেকে প্রতি কেজি ২৫০ টাকা হিসাবে কেজি সন্দেশ ক্রয় করলো। ভ্যাটের হার ৪ টাকা হলে, সন্দেশ ক্রয় বাবদ সে দোকানিকে কত টাকা দেবে ?",৫২০
455,"নাসির সাহেবের মাসিক মূলবেতন ২৭,৬৫০ টাকা। বার্ষিক মোট আয়ের প্রথম দুই লক্ষ পঞ্চাশ হাজার টাকার আয়কর ০ (শূণ্য) টাকা। পরবর্তী টাকার উপর আয়করের হার ১০ টাকা হলে, নাসির সাহেব কত টাকা আয়কর দেন ?",৮১৮০
456,একজন দোকানদার প্রতি মিটার ২০০ টাকা দরে ৫ মিটার কাপড় কিনে প্রতি মিটার ২২৫ টাকা দরে বিক্রয় করলে কত লাভ হয়েছে ?,১২৫
457,একজন কমলা বিক্রেতা প্রতি হালি ৬০ টাকা দরে ৫ ডজন কমলা কিনে প্রতি হালি ৫০ টাকা দরে বিক্রয় করলে কত ক্ষতি হয়েছে ?,১৫০
458,রবি প্রতি কেজি ৪০ টাকা দরে ৫০ কেজি চাউল কিনে ৪৪ টাকা কেজি দরে বিক্রয় করলে কত লাভ বা ক্ষতি হবে ?,২০০
459,প্রতি লিটার মিল্কভিটা দুধ ৫২ টাকায় কিনে ৫৫ টাকা দরে বিক্রয় করলে শতকরা কত ভাগ লাভ হয় ?,৫.৭৬
460,"প্রতিটি চকলেট ৮ টাকা হিসেবে ক্রয় করে ৮.৫০ টাকা হিসেবে বিক্রয় করে ২৫ টাকা লাভ হলো, মোট কয়টি চকলেট ক্রয় করা হয়েছিল ?",৫০
461,প্রতি মিটার ১২৫ টাকা দরে কাপড় ক্রয় করে ১৫০ টাকা দরে বিক্রয় করলে দোকানদারের ২০০০ টাকা লাভ হয়। দোকানদার মোট কত মিটার কাপড় ক্রয় করেছিলেন ?,৮০
462,একটি দ্রব্য ১৯০ টাকায় ক্রয় করে ১৭৫ টাকায় বিক্রয় করলে শতকরা কত ভাগ লাভ বা ক্ষতি হবে ?,৭.৮৯
463,"২৫ মিটার কাপড় যে মূল্যে ক্রয় করে , সেই মূল্যে ২০ মিটার কাপড় বিক্রয় করলে শতকরা কত ভাগ লাভ বা ক্ষতি হবে ?",২৫
464,৫ টাকায় ৮ টি আমলকি ক্রয় করে ৫ টাকায় ৬ টি দরে বিক্রয় করলে শতকরা কত ভাগ লাভ বা ক্ষতি হবে ?,৩৩.৩৩
465,একটি গাড়ির বিক্রয়মূল্য গাড়িটির ক্রয়মূল্যের ৪৫ অংশের সমান। শতকরা লাভ ভাগ বা ক্ষতি নির্ণয় কর।,২০
466,"একটি দ্রব্য ৪০০ টাকায় বিক্রয় করলে যত ক্ষতি হয় ৪৮০ টাকায় বিক্রয় করলে, তার তিনগুণ লাভ হয়। দ্রব্যটির ক্রয়মূল্য নির্ণয় কর।",৪২০
467,একটি ঘড়ি ৬২৫ টাকায় বিক্রয় করলে ১০% ক্ষতি হয়। কত টাকায় বিক্রয় করলে ১০% লাভ হবে?,৭৬৩.৮৮
468,মাইশা প্রতি মিটার ২০ টাকা দরে ১৫ মিটার লাল ফিতা ক্রয় করলো। ভ্যাটের হার ৪ টাকা। সে দোকানিকে ৫০০ টাকার একটি নোট দিল। দোকানি তাকে কত টাকা ফেরত দেবেন?,১৮৮
469,"মি. রায় একজন সরকারি কর্মকর্তা। তিনি তীর্থস্থান পরিদর্শনের জন্য ভারতে যাবেন। যদি বাংলাদেশি ১ টাকা সমান ভারতীয় ০.৬৩ রূপি হয়, তবে ভারতীয় ৩০০০ রূপির জন্য বাংলাদেশের কত টাকা প্রয়োজন হবে?",৪৭৬১.৯০
470,"নীলিম সাহেব একজন চাকরিজীবি। তাঁর মাসিক মূলবেতন ২২,২৫০ টাকা। বার্ষিক মোট আয়ের প্রথম দুই লক্ষ পঞ্চাশ হাজার টাকার আয়কর ০(শূণ্য) টাকা। পরবর্তী টাকার উপর আয়করের হার ১০ টাকা হলে নীলিম কর বাবদ কত টাকা পরিশোধ করেন?",৬৭০০
471,একটি নৌকা স্থির পানিতে ঘণ্টায় ৬ কি.মি. যেতে পারে। ¯্রােতের প্রতিকূলে ৬ কি.মি. যেতে নৌকাটির ৩ গুণ সময় লাগে। ¯্রােতের অনুকূলে ৫০ কি.মি. যেতে নৌকাটির কত ঘণ্টা সময় লাগবে ?,৫
472,একটি চৌবাচ্চায় তিনটি নল আছে। প্রথম ও দ্বিতীয় নল দ্বারা যথাক্রমে ৩০ মিনিট ও ২০ মিনিটে চৌবাচ্চাটি পূর্ণ হয়। তৃতীয় নল দ্বারা পূর্ণ চৌবাচ্চাটি ৬০ মিনিটে খালি হয়। তৃতীয় নল দ্বারা সেকেন্ডে চৌবাচ্চাটির কত অংশ পূর্ণ হয়?,১/৬০
473,একটি চৌবাচ্চায় তিনটি নল আছে। প্রথম ও দ্বিতীয় নল দ্বারা যথাক্রমে ৩০ মিনিট ও ২০ মিনিটে চৌবাচ্চাটি পূর্ণ হয়। তৃতীয় নল দ্বারা পূর্ণ চৌবাচ্চাটি ৬০ মিনিটে খালি হয়। তিনটি নল একসঙ্গে খুলে দিলে চৌবাচ্চাটি কত মিনিটে পূর্ণ হবে?,১৫
474,একটি চৌবাচ্চায় তিনটি নল আছে। প্রথম ও দ্বিতীয় নল দ্বারা যথাক্রমে ৩০ মিনিট ও ২০ মিনিটে চৌবাচ্চাটি পূর্ণ হয়। তৃতীয় নল দ্বারা পূর্ণ চৌবাচ্চাটি ৬০ মিনিটে খালি হয়। প্রথম নল কখন বন্ধ করলে ১ম ও ২য় নল দ্বারা চৌবাচ্চাটি ১৮ মিনিটে পানি দ্বারা পূর্ণ হবে ?,১.২০
475,৬০ মিটার দীর্ঘ একটি ট্রেনের গতিবেগ ঘন্টায় ৪৮ কি.মি। রেললাইনের পাশের একটি খুঁটিকে অতিক্রম করতে ট্রেনটির কত সময় (সেকেন্ডে) লাগবে?,৪.৫০
476,৫ জন শ্রমিক ৬ দিনে ৮ বিঘা জমির ফসল উঠাতে পাওে। ২০ বিঘা জমির ফসল উঠাতে ২৫ জন শ্রমিকের কত দিন লাগবে?,৩
477,স্বপন একটি কাজ ২৪ দিনে করতে পারে। রতন উক্ত কাজ ১৬ দিনে করতে পারে। স্বপন ও রতন একত্রে কাজটি কত দিনে শেষ করতে পারবে?,৯.৬০
478,হাবিবা ও হালিমা একটি কাজ একত্রে ২০ দিনে করতে পারে। হাবিবা ও হালিমা একত্রে ৮ দিন কাজ করার পর হাবিবা চলে গেল। হালিমা বাকি কাজ ২১ দিনে শেষ করল। সম্পূর্ণ কাজটি হালিমা কত দিনে করতে পারত?,৩৫
479,৩০ জন শ্রমিক ২০ দিনে একটি বাড়ি তৈরি করতে পারে। কাজ শুরুর ১০ দিন পরে খারাপ আবাহাওয়ার জন্য ৬ দিন কাজ বন্ধ রাখতে হয়েছে। নির্ধারিত সময়ে কাজটি শেষ করতে অতিরিক্ত কতজন শ্রমিক লাগবে ?,৪৫
480,"একটি কাজ ক ও খ একত্রে ১৬ দিনে , খ ও গ একত্রে ১২ দিনে এবং ক ও গ একত্রে ২০ দিনে করতে পারে। ক, খ, ও গ একত্রে কাজটি কত দিনে করতে পারবে ?",১০.২১
481,একটি চৌবাচ্চায় দুইটি নল আছে। প্রথম ও দ্বিতীয় নল দ্বারা যথাক্রমে ১২ ঘন্টা ও ১৮ ঘন্টা খালি চৌবাচ্চাটি পূর্ণ হয়। দুইটি নল এক সাথে খুলে দিলে খালি চৌবাচ্চাটি পূর্ণ হয়। দুইটি নল এক সাথে খুলে দিলে খালি চৌবাচ্চাটি কত ঘন্টায় পূর্ণ হবে?,৭.২০
482,"¯্রােতের অনুকূলে একটি নৌকা ৪ ঘন্টায় ৩৬ কি.মি. পথ অতিক্রম করে। ¯্রােতের বেগ প্রতিঘন্টায় ৩ কি.মি. হলে, স্থির পানিতে নৌকার বেগ কত?",৬
483,"¯্রােতের প্রতিকূলে একটি জাহাজ ১১ ঘন্টায় ৭৭ কি.মি. পথ অতিক্রম করে। স্থির পানিতে জাহাজের গতিবেগ প্রতিঘন্টায় ৯ কি.মি. হলে, ¯্রােতের গতিবেগ প্রতিঘন্টায় কত?",২
484,দাঁড় বেয়ে একটি নৌকা ¯্রােতের অনুকূলে ১৫ মিনিটে ৩ কি.মি. এবং ¯্রােতের প্রতিকূলে ১৫ মিনিটে ১ কি.মি. পথ অতিক্রম করে। স্থির পানিতে নৌকার গতিবেগ নির্ণয় কর।,৮
485,দাঁড় বেয়ে একটি নৌকা ¯্রােতের অনুকূলে ১৫ মিনিটে ৩ কি.মি. এবং ¯্রােতের প্রতিকূলে ১৫ মিনিটে ১ কি.মি. পথ অতিক্রম করে।¯্রােতের গতিবেগ নির্ণয় কর।,৪
486,একজন কৃষক ৫ জোড়া গরু দ্বারা ৮ দিনে ৪০ হেক্টর জমি চাষ করতে পারেন। তিনি ৭ জোড়া গরু দ্বারা ১২ দিনে কত হেক্টর জমি চাষ করতে পারবেন?,৮৪
487,লিলি একা একটি কাজ ১০ ঘন্টায় করতে পারেন। মিলি একা ঐ কাজটি ৮ ঘন্টায় করতে পারেন। লিলি ও মিলি একত্রে ঐ কাজটি কত ঘন্টায় করতে পারবেন?,৪.৪৪
488,দুইটি নল দ্বারা একটি খালি চৌবাচ্চা যথাক্রমে ২০ মিনিটে ও ৩০ মিনিটে পানি-পূর্ণ করা যায়। চৌবাচ্চাটি খালি থাকা অবস্থায় দুইটি নল এক সাথে খুলে দেওয়া হলো। প্রথম নলটি কখন বন্ধ করলে চৌবাচ্চাটি ১৮ মিনিটে পানি-পূর্ণ হবে?,৮
489,১০০ মিটার দীর্ঘ একটি ট্রেনের গতিবেগ ঘন্টায় ৪৮ কিলোমিটার। ঐ ট্রেনটি ৩০ সেকেন্ডে একটি সেতু অতিক্রম করে। সেতুটির দৈর্ঘ্য কত?,৩০০
490,"১২০ মিটার দীর্ঘ একটি ট্রেন ৩৩০ মিটার দীর্ঘ একটি সেতু অতিক্রম করবে। ট্রেনটির গতিবেগ ঘন্টায় ৩০ কি.মি. হলে, সেতুটি অতিক্রম করতে ট্রেনটির কত সময় (সেকেন্ডে) লাগবে?",৫৪
491,"একটি ত্রিভূজাকৃতি জমির ক্ষেত্রফল ২১৬ বর্গমিটার। এর ভূমি ১৮ মিটার হলে, উচ্চতা নির্ণয় কর।",২৪
492,"পাড়সহ একটি পুকুরের দৈর্ঘ্য ৮০ মিটার ও প্রস্থ ৫০ মিটার। যদি পুকুরের পাড়ের বিস্তার ৪ মিটার হয়, তবে পুকুড়পাড়ের ক্ষেত্রফল কত ?",৯৭৬
493,একটি আয়তাকার ঘরের পরিসীমা একটি বর্গাকার পরীসীমার সমান। আয়তাকার ঘরের দৈর্ঘ্য প্রস্থের ৩ গুণ। প্রতি বর্গমিটারে ৭৫ টাকা দরে ঘরের মেঝে কার্পেট দিয়ে মুড়তে মোট ১১০২৫ টাকা ব্যয় হয়। আয়তাকার ঘরটির দৈর্ঘ্য নির্ণয় কর।,২১
494,একটি আয়তাকার ঘরের পরিসীমা একটি বর্গাকার পরীসীমার সমান। আয়তাকার ঘরের দৈর্ঘ্য প্রস্থের ৩ গুণ। প্রতি বর্গমিটারে ৭৫ টাকা দরে ঘরের মেঝে কার্পেট দিয়ে মুড়তে মোট ১১০২৫ টাকা ব্যয় হয়। আয়তাকার ঘরটির প্রস্থ নির্ণয় কর।,৭
495,একটি আয়তাকার ঘরের পরিসীমা একটি বর্গাকার পরীসীমার সমান। আয়তাকার ঘরের দৈর্ঘ্য প্রস্থের ৩ গুণ। প্রতি বর্গমিটারে ৭৫ টাকা দরে ঘরের মেঝে কার্পেট দিয়ে মুড়তে মোট ১১০২৫ টাকা ব্যয় হয়। ৪০ সে.মি. বর্গাকার টাইলস দ্বারা বর্গাকার ঘরের মেঝে ঢাকতে কয়টি টাইলস লাগবে ?,১৬০০
496,একটি আয়তাকার ক্ষেত্রের দৈর্ঘ্য প্রস্থের ৩ গুণ। এর চারদিকে একবার প্রদক্ষিণ করলে ১ কিলোমিটার হাঁটা হয়। আয়তাকার ক্ষেত্রটির দৈর্ঘ্য নির্ণয় কর।,৩৭৫
497,একটি আয়তাকার ক্ষেত্রের দৈর্ঘ্য প্রস্থের ৩ গুণ। এর চারদিকে একবার প্রদক্ষিণ করলে ১ কিলোমিটার হাঁটা হয়। আয়তাকার ক্ষেত্রটির প্রস্থ নির্ণয় কর।,১২৫
498,প্রতি মিটার ১০০ টাকা দরে ১০০ মিটার লম্বা ও ৫০ মিটার চওড়া একটি আয়তাকার পার্কের চারিদিকে বেড়া দিতে কত খরচ লাগবে ?,৩০০০০
499,একটি সামান্তরিক ক্ষেত্রের ভূমি ৪০ মিটার ও উচ্চতা ৫০ মিটার। এর ক্ষেত্রফল নির্ণয় কর।,২০০০
500,একটি ঘনকের একধারের দৈর্ঘ্য ৪ মিটার। ঘনকটির তলগুলোর ক্ষেত্রফল নির্ণয় কর।,৯৬
501,যোসেফ তাঁর এক খন্ড জমিতে ৫০০ কে.জি ৭০০ গ্রাম আলু উৎপাদন করেন। তিনি একই ক্ষেত্রফলবিশিষ্ট ১১ খন্ড জমিতে কত কেজি আলু উৎপাদন করেন ?,৫৫০৭.৭০
502,পরশের ১৬ একর জমিতে ২৮ মেট্রিকটন ধান উৎপন্ন হয়েছে। তাঁর প্রতি একর জমিতে কত কেজি ধান উৎপন্ন হয়েছে?,১৭৫০
503,এক ব্যবসায়ী কোনো একদিন ২০ কে.জি. ৪০০ গ্রাম ডাল বিক্রয় করেন। এ হিসাবে কী পরিমাণ ডাল তিনি এক মাসে বিক্রয় করবেন ?,৬১২
504,"একখন্ড জমিতে কোনো একদিন ২০ কে.জি. ৮৫০ গ্রাম সরিষা উৎপন্ন হলে, অনুরূপ ৭ খন্ড জমিতে মোট কত কেজি সরিষা উৎপন্ন হবে?",১৪৫.৯৫
505,"একটি মগের ভিতরের আয়তন ১৫০০ ঘন সেন্টিমিটার হলে, ২৭০ লিটারে কত মগ পানি হবে?",১৮০
506,এক ব্যবসায়ী কোনো একদিন ১৮ কে.জি. ৩০০ গ্রাম চাল এবং ৫ কে.জি. ৭৫০ গ্রাম লবণ বিক্রয় করেন। এ হিসাবে মাসে তিনি কত কেজি চাল বিক্রয় করেন?,৫৪৯
507,এক ব্যবসায়ী কোনো একদিন ১৮ কে.জি. ৩০০ গ্রাম চাল এবং ৫ কে.জি. ৭৫০ গ্রাম লবণ বিক্রয় করেন। এ হিসাবে মাসে তিনি কত কেজি লবণ বিক্রয় করেন?,১৭২.৫০
508,"কোনো পরিবারে দৈনিক ১.২৫ লিটার দুধ লাগে। প্রতি লিটার দুধের দাম ৫২ টাকা হলে, ঐ পরিবারে ৩০ দিনে কত টাকার দুধ লাগবে?",১৯৫০
509,"একটি আয়তাকার বাগানের দৈর্ঘ্য ও প্রস্থ যথাক্রমে ৬০ মিটার, ৪০ মিটার। এর ভিতরে চতুর্দিকে ২ মিটার চওড়া রাস্তা আছে। রাস্তাটির ক্ষেত্রফল নির্ণয় কর।",৩৮৪
510,"একটি ঘরের দৈর্ঘ্য, প্রস্থের ৩ গুণ। প্রতি বর্গমিটারে ৭.৫০ টাকা দরে ঘরের মেঝে কার্পেট দিয়ে মুড়তে মোট ১১০২.৫০ টাকা ব্যয় হয়। ঘরটির দৈর্ঘ্য নির্ণয় কর।",২১
511,"একটি ঘরের দৈর্ঘ্য, প্রস্থের ৩ গুণ। প্রতি বর্গমিটারে ৭.৫০ টাকা দরে ঘরের মেঝে কার্পেট দিয়ে মুড়তে মোট ১১০২.৫০ টাকা ব্যয় হয়। ঘরটির প্রস্থ নির্ণয় কর।",৭
512,অহনা একটি পরীক্ষায় ইংরেজিতে ও গণিতে মোট ১৭৬ নম্বর পেয়েছে এবং ইংরেজি অপেক্ষা গণিতে ১০ নম্বর বেশি পেয়েছে। সে ইংরেজিতে কত নম্বর পেয়েছে।,৮৩
513,অহনা একটি পরীক্ষায় ইংরেজিতে ও গণিতে মোট ১৭৬ নম্বর পেয়েছে এবং ইংরেজি অপেক্ষা গণিতে ১০ নম্বর বেশি পেয়েছে। সে গণিতে কত নম্বর পেয়েছে।,৯৩
514,শ্যামল দোকান থেকে কিছু কলম কিনল। সেগুলোর ১/২ অংশ তার বোনকে ও ১/৩ অংশ তার ভাইকে দিল। তার কাছে আর ৫টি কলম রইল। শ্যামল কয়টি কলম কিনেছিল?,৩০
515,একটি বাস ঘন্টায় ২৫ কি.মি. গতিবেগে ঢাকার গাবতলী থেকে আরিচা পৌছাল। আবার বাসটি ঘন্টায় ৩০ কি.মি. গতিবেগে আরিচা থেকে গাবতলী ফিরে এল। যাতায়াতে বাসটির মোট ৫ ১/২ ঘন্টা সময় লাগল। গাবতলী থেকে আরিচার দুরত্ব কত ?,৭৫
516,কোন সংখ্যার দ্বিগুণের সাথে ৫ যোগ করলে যোগফল ২৫ হবে ?,১০
517,কোন সংখ্যা থেকে ২৭ বিয়োগ করলে বিয়োগফল -২১ হবে?,৬
518,কোন সংখ্যার এক-তৃতীয়াংশ ৪ এর সমান হবে?,১২
519,কোন সংখ্যা থেকে ৫ বিয়োগ করলে বিয়োগফলের ৫ গুণ সমান ২০ হবে?,৯
520,কোন সংখ্যার অর্ধেক থেকে তার এক-তৃতীয়াংশ বিয়োগ করলে বিয়োগফল ৬ হবে?,৩৬
521,তিনটি ক্রমিক স্বাভাবিক সংখ্যার সমষ্টি ৬৩ হলে। বড় সংখ্যাটি বের কর।,২২
522,তিনটি ক্রমিক স্বাভাবিক সংখ্যার সমষ্টি ৬৩ হলে। ছোট সংখ্যাটি বের কর।,২০
523,দুইটি সংখ্যার যোগফল ৫৫ এবং বড় সংখ্যাটির ৫ গুণ ছোট সংখ্যাটির ৬ গুণের সমান। বড় সংখ্যাটি বের কর।,৩০
524,দুইটি সংখ্যার যোগফল ৫৫ এবং বড় সংখ্যাটির ৫ গুণ ছোট সংখ্যাটির ৬ গুণের সমান। ছোট সংখ্যাটি বের কর।,২৫
525,"গীতা, রিতা ও মিতার একত্রে ১৮০ টাকা আছে। রিতার চেয়ে গীতার ৬ টাকা কম ও মিতার ১২ টাকা বেশি আছে। গীতার কত টাকা আছে?",৫২
526,"গীতা, রিতা ও মিতার একত্রে ১৮০ টাকা আছে। রিতার চেয়ে গীতার ৬ টাকা কম ও মিতার ১২ টাকা বেশি আছে। রিতার কত টাকা আছে?",৫৮
527,"গীতা, রিতা ও মিতার একত্রে ১৮০ টাকা আছে। রিতার চেয়ে গীতার ৬ টাকা কম ও মিতার ১২ টাকা বেশি আছে। মিতার কত টাকা আছে?",৭০
528,"একটি খাতা ও একটি কলমের মোট দাম ৭৫ টাকা। খাতার দাম ৫ টাকা কম ও কলমের দাম ২ টাকা বেশি হলে, খাতার দাম কলমের দামের দ্বিগুণ হতো। খাতার দাম কত?",৫৩
529,"একটি খাতা ও একটি কলমের মোট দাম ৭৫ টাকা। খাতার দাম ৫ টাকা কম ও কলমের দাম ২ টাকা বেশি হলে, খাতার দাম কলমের দামের দ্বিগুণ হতো। কলমের দাম কত?",২২
530,"একজন ফলবিক্রেতার মোট ফলের ১/২ অংশ আপেল, ১/৩ অংশ কমলালেবু ও ৪০ টি আম আছে। তার নিকট মোট কতগুলো ফল আছে?",২৪০
531,পিতার বর্তমান বয়স পুত্রের বর্তমান বয়সের ৬ গুণ। ৫ বছর পর তাদের বয়সের সমষ্টি হবে ৪৫ বছর। পিতার বর্তমান বয়স কত?,৩০
532,পিতার বর্তমান বয়স পুত্রের বর্তমান বয়সের ৬ গুণ। ৫ বছর পর তাদের বয়সের সমষ্টি হবে ৪৫ বছর। পুত্রের বর্তমান বয়স কত?,৫
533,"লিজা ও শিখার বয়সের অনুপাত ২:৩। তাদের দুইজনের বয়সের সমষ্টি ৩০ বছর হলে, লিজার বয়স কত?",১২
534,"লিজা ও শিখার বয়সের অনুপাত ২:৩। তাদের দুইজনের বয়সের সমষ্টি ৩০ বছর হলে, শিখার বয়স কত?",১৮
535,একটি ক্রিকেট খেলায় ইমন ও সুমনের মোট রানসংখ্যা ৫৮। ইমনের রানসংখ্যা সুমনের রানসংখ্যার দ্বিগুণের চেয়ে ৫ রান কম। ঐ খেলায় ইমনের রানসংখ্যা কত?,৩৭
536,একটি ট্রেন ঘন্টায় ৩০ কি.মি. বেগে চলে কমলাপুর স্টেশন থেকে নারায়নগঞ্জ স্টেশনে পৌঁছাল। ২৫ কি.মি. হলে ১০ মিনিট সময় বেশি লাগত। দুই স্টেশনের মধ্যে দূরত্ব কত?,২৫
537,একটি আয়তাকার জমির দৈর্ঘ্য প্রস্থের তিনগুণ এবং জমিটির পরিসীমা ৪০ মিটার। জমিটির দৈর্ঘ্য নির্ণয় কর।,১৫
538,একটি আয়তাকার জমির দৈর্ঘ্য প্রস্থের তিনগুণ এবং জমিটির পরিসীমা ৪০ মিটার। জমিটির প্রস্থ নির্ণয় কর।,৫
539,একজন দোকানদার প্রতি হালি ডিম ২৫ টাকা দরে ক্রয় করে প্রতি ২ হালি ৫৬ টাকা দরে বিক্রয় করলে তাঁর শতকরা কত ভাগ লাভ হবে ?,১২
540,একটি ছাগল ৮% ক্ষতিতে বিক্রয় করা হলো। ছাগলটি আরও ৮০০ টাকা বেশি মূল্যে বিক্রয় করলে ৮% লাভ হতো। ছাগলটির ক্রয়মূল্য নির্ণয় কর।,৫০০০
541,"রমিজ সাহেব ব্যাংকে ৫০০০ টাকা জমা রাখলেন এবং ঠিক করলেন যে, আগামী ৬ বছর তিনি ব্যাংক থেকে টাকা উঠাবেন না। ব্যাংকের বার্ষিক মুনাফা ১০% হলে, ৬ বছর পর তিনি মুনাফা কত পাবেন ? ",৩০০০
542,"রমিজ সাহেব ব্যাংকে ৫০০০ টাকা জমা রাখলেন এবং ঠিক করলেন যে, আগামী ৬ বছর তিনি ব্যাংক থেকে টাকা উঠাবেন না। ব্যাংকের বার্ষিক মুনাফা ১০% হলে, ৬ বছর পর মুনাফা-আসল কত হবে ?",৮০০০
543,শতকরা বার্ষিক ৮ ১/২ টাকা মুনাফায় কত টাকার ৬ বছরের মুনাফা ২৫৫০ টাকা হবে ?,৫০০০
544,শতকরা বার্ষিক কত টাকা মুনাফায় ৩০০০ টাকার ৫ বছরের মুনাফা ১৫০০ টাকা কত হবে ?,১০
545,"কোনো আসল ৩ বছরে মুনাফা-আসলে ৫৫০০ টাকা হয়। মুনাফা, আসলের ৩/৮ অংশ হলে, আসল নির্ণয় কর।",৪০০০
546,"কোনো আসল ৩ বছরে মুনাফা-আসলে ৫৫০০ টাকা হয়। মুনাফা, আসলের ৩/৮ অংশ হলে, শতকরা মুনাফার হার কত টাকা।",১২.৫০
547,বার্ষিক ১২% মুনাফায় কত বছরে ১০০০০ টাকার মুনাফা ৪৮০০ টাকা হবে ?,৪
548,"একটি পণ্যদ্রব্য বিক্রয় করে পাইকারি বিক্রেতার ২০% এবং খুচরা বিক্রেতার ২০% লাভ হয়। যদি দ্রব্যটির খুচরা বিক্রয়মূল্য ৫৭৬ টাকা হয়,তবে পাইকারি বিক্রেতার ক্রয়মূল্য কত?",৪০০
549,একজন দোকানদার কিছু ডাল ২৩৭৫.০০ টাকায় বিক্রয় করায় তার ৫% ক্ষতি হলো। ঐ ডাল কত টাকায় বিক্রয় করলে তার ৬% লাভ হতো ?,২৬৫০
550,৩০ টাকায় ১০ টি দরে ও ১৫ টি দরে সমান সংখ্যক কলা ক্রয় করে সবগুলো কলা ৩০ টাকায় ১২টি দরে বিক্রয় করলে শতকরা কত লাভ বা ক্ষতি হবে ?,০
551,"বার্ষিক শতকরা মুনাফার হার ১০.৫০ টাকা হলে, ২০০০ টাকার ৫ বছরের মুনাফা কত হবে ?",১০৫০
552,"বার্ষিক মুনাফা শতকরা ১০ টাকা থেকে কমে ৮ টাকা হলে, ৩০০০ টাকার ৩ বছরের মুনাফা কত কম হবে ?",১৮০
553,বার্ষিক শতকরা কত টাকা মুনাফায় কোনো আসল ৮ বছরে মুনাফা-আসলে ১৮৮৫০ টাকা হবে ?,৯
554,"বার্ষিক শতকরা মুনাফা কত টাকা হলে, ১৩০০০ টাকা ৫ বছরে মুনাফা-আসলে দ্বিগুণ হবে ?",১২.৫০
555,"৬৫০০ টাকা যে হার মুনাফায় ৪ বছরে মুনাফা-আসলে ৮৮৪০ টাকা হয়, ঐ একই হার মুনাফায় কত টাকা ৪ বছরে মুনাফা-আসলে ১০২০০ টাকা হবে ?",৭৫০০
556,"রিয়াজ সাহেব কিছু টাকা ব্যাংকে জমা রেখে ৪ বছর পর ৪৭৬০ টাকা মুনাফা পান। ব্যাংকের বার্ষিক মুনাফার হার ৮.৫০ টাকা হলে, তিনি ব্যাংকে কত টাকা জমা রেখেছিলেন ?",১৪০০০
557,"শতকরা বার্ষিক যে হারে কোনো মূলধন ৬ বছরে মুনাফা- মূলধনে দ্বিগুণ হয়, সেই হারে কত টাকা ৪ বছরে মুনাফা-মূলধনে ২০৫০ টাকা হবে ?",১২৩০
558,"বার্ষিক শতকরা ৬ টাকা মুনাফায় ৫০০ টাকার ৪ বছরের মুনাফা যত হয়, বার্ষিক শতকরা ৫ টাকা মুনাফায় কত টাকা মুনাফায় কত টাকার ২ বছর ৬ মাসের মুনাফা তত হবে ?",৯৬০
559,বার্ষিক মুনাফা ৮% থেকে বেড়ে ১০% হওয়ায় তিশা মারমার আয় ৪ বছরে ১২৮ টাকা বেড়ে গেল। তাঁর মূলধন কত ছিল ?,১৬০০
560,কোনো আসল ৩ বছরে মুনাফা-আসলে ১৫৭৮ টাকা এবং ৫ বছরে মুনাফা-আসলে ১৮৩০ টাকা হয়। আসল নির্ণয় কর।,১২০০
561,কোনো আসল ৩ বছরে মুনাফা-আসলে ১৫৭৮ টাকা এবং ৫ বছরে মুনাফা-আসলে ১৮৩০ টাকা হয়। শতকরা কত টাকা মুনাফা নির্ণয় কর।,১০.৫০
562,বার্ষিক ১০% মুনাফায় ৩০০০ টাকা এবং ৮% মুনাফায় ২০০০ টাকা বিনিয়োগ করলে মোট মূলধনের ওপর গড়ে শতকরা কত টাকা হারে মুনাফা পাওয়া যাবে ?,৯.২০
563,"রড্রিক গোমেজ ৩ বছরের জন্য ১০০০০ টাকা এবং ৪ বছরের জন্য ১৫০০০ টাকা ব্যাংক থেকে ঋণ নিয়ে ব্যাংকে মোট ৯৯০০ টাকা মুনাফা দেন। উভয়ক্ষেত্রে মুনাফার হার সমান হলে, শতকরা কত টাকা মুনাফা নির্ণয় কর।",১১
564,"একই হার মুনাফায় কোনো আসল ৬ বছরে মুনাফা-আসলে দ্বিগুণ হলে, কত বছরে তা মুনাফা-আসলে তিনগুণ হবে ?",১২
565,"কোনো নির্দিষ্ট সময়ের মুনাফা-আসল ৫৬০০ টাকা এবং মুনাফা, আসলের ২/৫ অংশ। মুনাফা বার্ষিক শতকরা ৮ টাকা হলে, সময় নির্ণয় কর।",৫
566,"জামিল সাহেব পেনশনের টাকা পেয়ে ১০ লাখ টাকার তিন মাস অন্তর মুনাফা ভিত্তিক ৫ বছর মেয়াদী পেনশনের সঞ্চয়পত্র কিনলেন। বার্ষিক মুনাফা ১২% হলে, তিনি ১ম কিস্তিতে, অর্থাৎ প্রথম ৩ মাস পর কত মুনাফা পাবেন ?",৩০০০০
567,বর্ষিক শতকরা ৮ টাকা মুনাফায় ৬২৫০০ টকার ৩ বছরের চক্রবৃদ্ধি মূলধন নির্ণয় কর।,৭৮৭৩২
568,বার্ষিক ১০.৫০% মুনাফায় ৫০০০ টাকার ২ বছরের চক্রবৃদ্ধি মুনাফা নির্ণয় কর।,১১০৫.১২
569,"একটি ফ্ল্যাট মালিক কল্যাণ সমিতি আদায়কৃত সার্বিস চার্জ থেকে উদ্বৃত্ত ২০০০০০ টাকা ব্যাংকে ছয় মাস অন্তর চক্রবৃদ্ধি মুনাফাভিত্তিক স্থায়ী আমানত রাখলেন। মুনাফার হার বার্ষিক ১২ টাকা হলে, ছয় মাস পর ঐ সমিতির হিসাবে কত টাকা মুনাফা জমা হবে ? ",১২০০০
570,"একটি ফ্ল্যাট মালিক কল্যাণ সমিতি আদায়কৃত সার্বিস চার্জ থেকে উদ্বৃত্ত ২০০০০০ টাকা ব্যাংকে ছয় মাস অন্তর চক্রবৃদ্ধি মুনাফাভিত্তিক স্থায়ী আমানত রাখলেন। মুনাফার হার বার্ষিক ১২ টাকা হলে, এক বছর পর চক্রবৃদ্ধি মূলধন কত হবে ?",২২৪৭২০
571,"কোনো শহরের বর্তমান জনসংখ্যা ৮০ লক্ষ। ঐ শহরের জনসংখ্যা বৃদ্ধির হার প্রতি হাজারে ৩০ হলে, ৩ বছর পর ঐ শহরের জনসংখ্যা কত হবে ?",৮৭৪১৮১৬
572,মনোয়ারা বেগম তার পারিবারিক প্রয়োজনে ৬% হারে কিছু টাকা এবং ৪% হারে কিছু  টাকা ঋণ নিল। সে মোট ৫৬০০০ টাকা ঋণ নিল এবং শেষে ২৮৪০ টাকা মুনাফা শোধ করল। সম্পূর্ণ ঋণের উপর ৫% মুনাফা প্রযোজ্য হলে বার্ষিক মুনাফা কত ?,২৮০০
573,মনোয়ারা বেগম তার পারিবারিক প্রয়োজনে ৬% হারে কিছু  টাকা এবং ৪% হারে কিছু  টাকা ঋণ নিল। সে মোট ৫৬০০০ টাকা ঋণ নিল এবং শেষে ২৮৪০ টাকা মুনাফা শোধ করল। মনোয়ারা বেগম ৬% হারে কত টাকা ঋণ নিয়েছে?,৩০০০০
574,মনোয়ারা বেগম তার পারিবারিক প্রয়োজনে ৬% হারে কিছু  টাকা এবং ৪% হারে কিছু  টাকা ঋণ নিল। সে মোট ৫৬০০০ টাকা ঋণ নিল এবং শেষে ২৮৪০ টাকা মুনাফা শোধ করল। মনোয়ারা বেগম ৪% হারে কত টাকা ঋণ নিয়েছে?,২৬০০০
575,মনোয়ারা বেগম তার পারিবারিক প্রয়োজনে ৬% হারে কিছু  টাকা এবং ৪% হারে কিছু  টাকা ঋণ নিল। সে মোট ৫৬০০০ টাকা ঋণ নিল এবং শেষে ২৮৪০ টাকা মুনাফা শোধ করল। সম্পূর্ণ ঋণের উপর ৫% চক্রবৃদ্ধির মুনাফা প্রযোজ্য হলে ২ বছর পর মনোয়ারা বেগমকে কত টাকা মুনাফা পরিশোধ করতে হবে ?,৫৭৪০
576,বার্ষিক ১০% মুনাফায় ৮০০০ টাকার ৩ বছরের চক্রবৃদ্ধি মূলধন নির্ণয় কর।,১০৬৪৮
577,বার্ষিক শতকরা ১০ টাকা মুনাফায় ৫০০০ টাকার ৩ বছরের সরল মুনাফা ও চক্রবৃদ্ধি মুনাফার পার্থক্য কত হবে ?,১৫৫
578,"একই হার মুনাফায় কোনো মূলধনের এক বছরান্তে চক্্রবৃদ্ধি মূলধন ৬৫০০ টাকা ও দুই বছরান্তে চক্রবৃদ্ধি মূলধন ৬৫৭০ টাকা হলে, মূলধন কত ?",৬২৫০
579,বার্ষিক শতকরা ৮.৫০ টাকা চক্রবৃদ্ধি মুনাফায় ১০০০০ টাকার ২ বছরের সবৃদ্ধিমূল নির্ণয় কর।,১১৭৭২.২৫
580,বার্ষিক শতকরা ৮.৫০ টাকা চক্রবৃদ্ধি মুনাফায় ১০০০০ টাকার ২ বছরের চক্রবৃদ্ধি মুনাফা নির্ণয় কর।,১৭৭২.২৫
581,"কোনো শহরের বর্তমান জনসংখ্যা ৬৪ লক্ষ। শহরটির জনসংখ্যা বৃদ্ধির হার প্রতি হাজারে ২৫ জন হলে, ২ বছর পর ঐ শহরের জনসংখ্যা কত হবে ?",৬৭২৪০০০
582,এক ব্যক্তি একটি ঋণদান সংস্থা থেকে বার্ষিক ৮% চক্রবৃদ্ধি মুনাফায় ৫০০০ টাকা ঋণ নিলেন। প্রতিবছর শেষে তিনি ২০০০ টাকা করে পনিশোধ করেন। ২য় কিস্তি পরিশোধের পর তাঁর আর কত টাকা ঋণ থাকবে ?,১৬৭২
583,১ মেট্রিক টন চাল ৬৪ জন শ্রমিকের মধ্যে সমানভাবে ভাগ করে দিলে প্রত্যেকে কত কেজি চাল পাবে ।,১৫.৬২
584,"একটি চৌবাচ্চার দৈর্ঘ্য ৩ মিটার, প্রস্থ ২ মিটার ও উচ্চতা ৪ মিটার। এতে কত লিটার বিশুদ্ধ পানি ধরবে ?",২৪০০০
585,"একটি চৌবাচ্চার দৈর্ঘ্য ৩ মিটার, প্রস্থ ২ মিটার ও উচ্চতা ৪ মিটার। এতে কত কিলোগ্রাম বিশুদ্ধ পানি ধরবে ?",২৪০০০
586,১ ইঞ্চি = ২.৫৪ সেন্টিমিটার এবং ১ একর = ৪৮৪০ বর্গগজ। ১ একরে কত বর্গমিটার ?,৪০৪৬.৮৫
587,জাহাঙ্গীরনগর বিশ্ববিদ্যালয় ক্যাম্পাসের এলাকা ৭০০ একর। একে নিকটতম পূর্ণসংখ্যক হেক্টরে প্রকাশ কর।,২৮৩
588,একটি আয়তাকার ক্ষেত্রের দৈর্ঘ্য ৪০ মিটার এবং প্রস্থ ৩০ মিটার ৩০ সে.মি. । ক্ষেত্রটির ক্ষেত্রফল কত বর্গকিলোমিটার?,১২১২
589,"একটি বাক্সের দৈর্ঘ্য ২ মিটার, প্রস্থ ১ মিটার ৫০ সে.মি. এবং উচ্চতা ১ মিটার। বাক্সটির আয়তন কত ?",৩
590,"একটি চৌবাচ্চায় ৮০০০ লিটার পানি ধরে। চৌবাচ্চাটির দৈর্ঘ্য ২.৫৬ মিটার এবং প্রস্থ ১.২৫ মিটার হলে, গভীরতা কত ?",২.৫০
591,একটি ঘরের দৈর্ঘ্য প্রস্থের ৩ গুণ। প্রতি বর্গমিটারে ৭.৫০ টাকা দরে ঘরটির মেঝে কার্পেট দিয়ে ঢাকতে মোট ১১০২.৫০ টাকা ব্যয় হয়। ঘরটির দৈর্ঘ্য নির্ণয় কর।,২১
592,একটি ঘরের দৈর্ঘ্য প্রস্থের ৩ গুণ। প্রতি বর্গমিটারে ৭.৫০ টাকা দরে ঘরটির মেঝে কার্পেট দিয়ে ঢাকতে মোট ১১০২.৫০ টাকা ব্যয় হয়। ঘরটির প্রস্থ নির্ণয় কর।,৭
593,"বায়ু পানির তুলনায় ০.০০১২৯ গুণ ভারী। যে ঘরের দৈর্ঘ্য, প্রস্থ ও উচ্চতা যথাক্রমে ১৬ মিটার, ১২ মিটার ও ৪ মিটার, তাতে কত কিলোগ্রাম বায়ু আছে ?",৯৯০.৭২
594,২১ মিটার দীর্ঘ এবং ১৫ মিটার প্রস্থ একটি বাগানের বাইরে চারদিকে ২ মিটার প্রশস্ত একটি পথ আছে। প্রতি বর্গমিটারে ২.৭৫ টাকা দরে পথটিতে ঘাস লাগাতে মোট কত খরচ হবে ?,৪৪০
595,৪০ মিটার দৈর্ঘ্য এবং ৩০ মিটার প্রস্থবিশিষ্ট একটি মাঠের ঠিক মাঝে আড়াআড়িভাবে ১.৫ মিটার প্রশস্ত দুইটি রাস্তা আছে। রাস্তা দুইটির মোট ক্ষেত্রফল কত ?,১০২.৭৫
596,"২০ মিটার দীর্ঘ একটি কামরা মেঝে কার্পেট দিয়ে ঢাকতে ৭৫০০.০০ টাকা খরচ হয়। যদি ঐ কামরাটির প্রস্থ ৪ মিটার কম হতো, তবে ৬০০০.০০ টাকা খরচ হতো। কামরাটির প্রস্থ কত ?",২০
597,"একটি ঘরের মেঝের দৈর্ঘ্য ৪ মিটার এবং প্রস্থ ৩.৫ মিটার। ঘরটির উচ্চতা ৩ মিটার এবং এর দেওয়ালগুলো ১৫ সে.মি. পুুরু হলে, চার দেওয়ালের আয়তন কত ঘনমিটার ?",৭.০২
598,"একটি ঘরের ৩ টি দরজা এবং ৬টি জানালা আছে। প্রত্যেকটি দরজা ২ মিটার লম্বা এবং ১.২৫ মিটার চওড়া, প্রত্যেক জানালা ১.২৫ মিটার লম্বা এবং ১ মিটার চওড়া। ঐ ঘরের দরজা জানালা তৈরি করতে ৫ মিটার লম্বা ও ০.৬০ মিটার চওড়া কয়টি তক্তার প্রয়োজন ?",৫
599,"একটি আয়তকার লোহার টুকরার দৈর্ঘ্য ৮.৮ সে.মি, প্রস্থ ৬.৪ সে.মি ও উচ্চতা ২.৫ সে.মি ও উচ্চতা ২.৫ সে.মি.। লোহার টুকরাটিকে ১৫ সে.মি. দৈর্ঘ্য ৬.২৫ সে.মি. প্রস্থ ও ৪ সে.মি. উচ্চতার আয়তাকার পাত্রে রেখে পানি দ্বারা পূর্ণ হলো। লোহা পানির তুলনায় ৭.৫ গুণ ভারী।লোহার টুকরার ওজন নির্ণয় কর।",১.০৫
600,"একটি আয়তকার লোহার টুকরার দৈর্ঘ্য ৮.৮ সে.মি, প্রস্থ ৬.৪ সে.মি ও উচ্চতা ২.৫ সে.মি ও উচ্চতা ২.৫ সে.মি.। লোহার টুকরাটিকে ১৫ সে.মি. দৈর্ঘ্য ৬.২৫ সে.মি. প্রস্থ ও ৪ সে.মি. উচ্চতার আয়তাকার পাত্রে রেখে পানি দ্বারা পূর্ণ হলো। লোহা পানির তুলনায় ৭.৫ গুণ ভারী।পানির পাত্রের আয়তন কত ঘন সেমি?",৩৭৫
601,"একটি আয়তকার লোহার টুকরার দৈর্ঘ্য ৮.৮ সে.মি, প্রস্থ ৬.৪ সে.মি ও উচ্চতা ২.৫ সে.মি ও উচ্চতা ২.৫ সে.মি.। লোহার টুকরাটিকে ১৫ সে.মি. দৈর্ঘ্য ৬.২৫ সে.মি. প্রস্থ ও ৪ সে.মি. উচ্চতার আয়তাকার পাত্রে রেখে পানি দ্বারা পূর্ণ হলো। লোহা পানির তুলনায় ৭.৫ গুণ ভারী।পাত্রটি পানি পূর্ণ অবস্থায় লোহার টুকরাটি তুলে আনা হলে, পাত্রের পানি উচ্চতা কত হবে ?",২.৪৯
602,"একটি পুকুরের দৈর্ঘ্য ৬০ মিটার এবং প্রস্থ ৪০ মিটার। পুকুরের পাড়ের বিস্তার ৩ মিটার হলে, পাড়ের ক্ষেত্রফল নির্ণয় কর।",৬৩৬
603,আয়তাকার একটি ক্ষেত্রের ক্ষেত্রফল ১০ একর এবং তার দৈর্ঘ্য প্রস্থেও ৪ গুণ। ক্ষেত্রটির দৈর্ঘ্য কত মিটার ?,৪০২.৩৪
604,"একটি আয়তাকার ঘরের দৈর্ঘ্য প্রস্থের দেড় গুণ। এর ক্ষেত্রফল ২১৬ বর্গমিটার হলে, পরিসীমা কত ?",৬০
605,"একটি ত্রিভুজাকৃতি ক্ষেত্রের ভূমি ২৪ মিটার এবং উচ্চতা ১৫ মিটার ৫০ সেন্টিমিটার হলে, এর ক্ষেত্রফল নির্ণয় কর।",১৮৬
606,একটি আয়তাকার ক্ষেত্রের দৈর্ঘ্য ৪৮ মিটার এবং প্রস্থ ৩২ মিটার ৮০ সে.মি. । ক্ষেত্রটির বাইরে চারদিকে ৩ মিটার বিস্তৃত একটি রাস্তা আছে। রাস্তাটির ক্ষেত্রফল কত ?,৫২০.৮০
607,একটি বর্গাকার ক্ষেত্রের এক বাহুর দৈর্ঘ্য ৩০০ মিটার এবং বাইরে চারদিকে ৪ মিটার চওড়া একটি রাস্তা আছে। রাস্তাটির ক্ষেত্রফল কত ?,৪৮৬৪
608,"একটি ত্রিভূজাকৃতি জমির ক্ষেত্রফল ২৬৪ বর্গমিটার। এর ভ’মি ২২ মিটার হলে, উচ্চতা নির্ণয় কর।",২৪
609,"একটি চৌবাচ্চায় ১৯২০০ লিটার পানি ধরে। এর গভীরতা ২.৫৬ মিটার এবং প্রস্থ ২.৫ মিটার হলে, দৈর্ঘ্য কত?",৩
610,"স্বর্ণ, পানির তুলনায় ১৯.৩ গুণ ভারী। আয়তাকার একটি স্বর্ণের বারের দৈর্ঘ্য ৭.৮ সে.মি. প্রস্থ ৬.৪ সে.মি. এবং উচ্চতা ২.৫ সে.মি। স্বর্ণের বারটির ওজন কত গ্রাম?",২৪০৮.৬৪
611,"একটি ছোট বাক্সের দৈর্ঘ্য ১৫ সে.মি. ২.৪ মি.মি., প্রস্থ ৭ সে.মি ৬.২ মি.মি এবং উচ্চতা ৫ সে.মি. ৮ মি.মি.। বাক্সটির আয়তন কত ঘন সেন্টিমিটার ?",৬৭৩.৫৪
612,"একটি আয়তাকার চৌবাচ্চার দৈর্ঘ্য ৫.৫ মিটার, প্রস্থ ৪ মিটার এবং উচ্চতা ২ মিটার। উক্ত চৌবাচ্চাটি পানিভর্তি থাকলে পানির আয়তন কত লিটার ?",৪৪০০০
613,"একটি আয়তাকার চৌবাচ্চার দৈর্ঘ্য ৫.৫ মিটার, প্রস্থ ৪ মিটার এবং উচ্চতা ২ মিটার। উক্ত চৌবাচ্চাটি পানিভর্তি থাকলে পানির ওজন কত কিলোগ্রাম হবে ?",৪৪০০০
614,আয়তাকার একটি ক্ষেত্রের দৈর্ঘ্য প্রস্থের ১.৫ গুণ। প্রতি বর্গমিটার ১.৯০ টাকা দরে ঘাস লাগাতে ১০২৬০.০০ টাকা ব্যয় হয়। প্রতি মিটার ২.৫০ টাকা দরে ঐ মাঠের চারদিকে বেড়া দিতে কত ব্যয় হবে?,৭৫০
615,একটি ঘরের মেঝে কার্পেট দিয়ে ঢাকতে মোট ৭২০০ টাকা খরচ হয়। ঘরটির প্রস্থ ৩ মিটার কম হলে ৫৭৬ টাকা কম খরচ হতো। ঘরটির প্রস্থ কত ?,৩৭.৫০
616,৮০ মিটার দৈর্ঘ্য ও ৬০ মিটার প্রস্থবিশিষ্ট একটি আয়তাকার বাগানের ভিতর চারদিকে ৪ মিটার প্রশস্ত একটি পথ আছে। প্রতি বর্গমিটার ৭.২৫ টাকা দরে ঐ পথ বাধাঁনোর খরচ কত?,৭৬৫৬
617,"২.৫ মিটার গভীর একটি বর্গাকৃতি খোলা চৌবাচ্চায় ২৮,৯০০ লিটার পানি ধরে। এর ভিতরের দিকে সীসার পাত লাগাতে প্রতি বর্গমিটার ১২.৫০ টাকা হিসাবে মোট কত খরচ হবে ?",৫৬৯.৫০
618,একটি ঘরের মেঝে ২৬ মি. লম্বা ও ২০মি. চওড়া। ৪ মি.লম্বা ও ২.৫ মি. চওড়া কয়টি মাদুর দিয়ে মেঝেটি সম্পূর্ণ ঢাকা যাবে ?,৫২
619,"একটি ঘরের মেঝে ২৬ মি. লম্বা ও ২০মি. চওড়া। ৪ মি.লম্বা ও ২.৫ মি. চওড়া কিছু মাদুর দিয়ে মেঝেটি সম্পূর্ণ ঢাকা যাবে । প্রতিটি মাদুরের দাম ২৭.৫০ টাকা হলে, মোট খরচ কত হবে ?",১৪৩০
620,"একটি বইয়ের দৈর্ঘ্য ২৫ সে.মি. ও প্রস্থ ১৮ সে.মি.। বইটির পৃষ্ঠাসংখ্যা ২০০ এবং প্রতি পাতা কাগজের পুরুত্ব ০.১ মি.মি. হলে, বইটির আয়তন নির্ণয় কর।",৪৫০
621,"একটি পুকুরের দৈর্ঘ্য ৩২ মিটার, প্রস্থ ২০মিটার এবং পুকুরের পানির গভীরতা ৩ মিটার। একটি মেশিন দ্বারা পুকুরটি পানিশূণ্য করা হচ্ছে যা প্রতি সেকেন্ডে ০.১ ঘনমিটার পানি সেচতে পারে। পুকুরটি পানিশূণ্য করতে কত মিনিট সময় লাগবে?",৩২০
622,"৩ মিটার দৈর্ঘ্য, ২ মিটার প্রস্থ ও ১ মিটার উচ্চতা বিশিষ্ট একটি খালি চৌবাচ্চায় ৫০ সে.মি. বাহুবিশিষ্ট একটি নিরেট ধাতব ঘনক রাখা আছে। চৌবাচ্চাটি পানি দ্বারা পূর্ণ করার পর ঘনকটি তুলে আনা হলে, পানির গভীরতা কত হবে ?",৯৭.৯২
623,ফাইজ ও আয়াজের কতকগুলো আপেলকুল ছিল। ফায়াজের আপেলকুল থেকে আয়াজকে ১০ টি আপেলকুল দিলে আয়াজের আপেলকুলের সংখ্যা ফাইয়াজের আপেলকুলের সংখ্যার তিনগুণ হতো। আর আয়াজের আপেলকুল থেকে ফাইয়াজকে ২০ টি দিলে ফাইয়াজের আপেলকুলের সংখ্যা আয়াজের সংখ্যার দ্বিগুণ হতো। ফাইয়াজের কতগুলো আপেলকুল ছিল ?,২৮
624,ফাইজ ও আয়াজের কতকগুলো আপেলকুল ছিল। ফায়াজের আপেলকুল থেকে আয়াজকে ১০ টি আপেলকুল দিলে আয়াজের আপেলকুলের সংখ্যা ফাইয়াজের আপেলকুলের সংখ্যার তিনগুণ হতো। আর আয়াজের আপেলকুল থেকে ফাইয়াজকে ২০ টি দিলে ফাইয়াজের আপেলকুলের সংখ্যা আয়াজের সংখ্যার দ্বিগুণ হতো। আয়াজের কতগুলো আপেলকুল ছিল ?,৪৪
625,১০ বছর পূর্বে পিতা ও পুত্রের বয়সের অনুপাত ছিল ৪:১। ১০ বছর পরে পিতা ও পুত্রের বয়সের অনুপাত হবে ২:১। পিতার বর্তমান বয়স নির্ণয় কর।,৫০
626,১০ বছর পূর্বে পিতা ও পুত্রের বয়সের অনুপাত ছিল ৪:১। ১০ বছর পরে পিতা ও পুত্রের বয়সের অনুপাত হবে ২:১। পুত্রের বর্তমান বয়স নির্ণয় কর।,২০
627,দুই অঙ্কবিশিষ্ট কোনো সংখ্যার অঙ্কদ্বয়ের সমষ্টির সাথে ৭ যোগ করলে যোগফল দশক স্থানীয় অঙ্কটির তিনগুণ হয়। কিন্তু সংখ্যাটি থেকে ১৮ বাদ দিলে অঙ্কদ্বয় স্থান পরিবর্তন করে। সংখ্যাটি নির্ণয় কর।,৫৩
628,কোনো ভগ্নাংশের লবের সাথে ৭ যোগ করলে ভগ্নাংশটির মান ২ হয় এবং হর থেকে ২ বাদ দিলে ভগ্নাংশটির মান ১ হয়। ভগ্নাংশটির মান নির্ণয় কর।,৩/৫
629,"দুইটি সংখ্যার যোগফল ১০০ এবং বিয়োগফল ২০ হলে, বড় সংখ্যাটি নির্ণয় কর।",৬০
630,"দুইটি সংখ্যার যোগফল ১০০ এবং বিয়োগফল ২০ হলে,  ছোট সংখ্যাটি নির্ণয় কর।",৪০
631,"দুইটি সংখ্যার যোগফল ১৬০ এবং একটি অপরটির তিনগুণ হলে,  বড় সংখ্যাটি নির্ণয় কর।",১২০
632,"দুইটি সংখ্যার যোগফল ১৬০ এবং একটি অপরটির তিনগুণ হলে,  ছোট সংখ্যাটি নির্ণয় কর।",৪০
633,"দুইটি সংখ্যার প্রথমটির তিনগুণের সাথে দ্বিতীয়টির দুইগুণ যোগ করলে ৫৯ হয়। আবার, প্রথমটির দুইগুণ থেকে দ্বিতীয়টি বিয়োগ করলে ৯ হয়।  বড় সংখ্যাটি নির্ণয় কর।",১৩
634,"দুইটি সংখ্যার প্রথমটির তিনগুণের সাথে দ্বিতীয়টির দুইগুণ যোগ করলে ৫৯ হয়। আবার, প্রথমটির দুইগুণ থেকে দ্বিতীয়টি বিয়োগ করলে ৯ হয়।ছোট সংখ্যাটি নির্ণয় কর।",১১
635,৫ বছর পূর্বে পিতা ও পুত্রের বয়সের অনুপাত ছিল ৩:১ এবং ১৫ বছর পর পিতা ও পুত্রের বয়সের অনুপাত হবে ২:১। পিতার বর্তমান বয়স নির্ণয় কর।,৬৫
636,৫ বছর পূর্বে পিতা ও পুত্রের বয়সের অনুপাত ছিল ৩:১ এবং ১৫ বছর পর পিতা ও পুত্রের বয়সের অনুপাত হবে ২:১। পুত্রের বর্তমান বয়স নির্ণয় কর।,২৫
637,"কোনো ভগ্নাংশের লব এর সাথে ৫ যোগ করলে এর মান ২ হয়। আবার, হর থেকে ১ বিয়োগ করলে এর মান ১ হয়। ভগ্নাংশটি নির্ণয় কর।",৩/৪
638,"কোনো প্রকৃত ভগ্নাংশের লব ও হরের যোগফল ১৪ এবং বিয়োগফল ৮ হলে, ভগ্নাংশটি নির্ণয় কর।",৩/১১
639,"দুই অঙ্কবিশিষ্ট কোনো সংখ্যার অঙ্কদ্বয়ের যোগফল ১০ এবং বিয়োগফল ৪ হলে, এই রকম সম্ভাব্য ক্ষুদ্রতম সংখ্যাটি নির্ণয় কর।",৩৭
640,"দুই অঙ্কবিশিষ্ট কোনো সংখ্যার অঙ্কদ্বয়ের যোগফল ১০ এবং বিয়োগফল ৪ হলে, এই রকম সম্ভাব্য বৃহত্তম সংখ্যাটি নির্ণয় কর।",৭৩
641,"একটি আয়তাকার ক্ষেত্রের দৈর্ঘ্য প্রস্থ অপেক্ষা ২৫ মিটার বেশি। আয়তাকার ক্ষেত্রটির পরিসীমা ১৫০ মিটার হলে , ক্ষেত্রটির দৈর্ঘ্য নির্ণয় কর।",৫০
642,"একটি আয়তাকার ক্ষেত্রের দৈর্ঘ্য প্রস্থ অপেক্ষা ২৫ মিটার বেশি। আয়তাকার ক্ষেত্রটির পরিসীমা ১৫০ মিটার হলে , ক্ষেত্রটির প্রস্থ নির্ণয় কর।",২৫
643,"একজন বালক দোকান থেকে ১৫ টি খাতা ও ১০ টি পেনসিল ৩০০ টাকা দিয়ে ক্রয় করল। আবার, অন্য একজন বালক একই দোকান থেকে একই ধরনের ১০ টি খাতা ও ১৫ টি পেনসিল ২৫০ দিয়ে ক্রয় করল। প্রতিটি খাতার মূল্য নির্ণয় কর।",১৬
644,"একজন বালক দোকান থেকে ১৫ টি খাতা ও ১০ টি পেনসিল ৩০০ টাকা দিয়ে ক্রয় করল। আবার, অন্য একজন বালক একই দোকান থেকে একই ধরনের ১০ টি খাতা ও ১৫ টি পেনসিল ২৫০ দিয়ে ক্রয় করল। প্রতিটি পেনসিল এর মূল্য নির্ণয় কর।",৬
645,"একজন লোকের নিকট ৫০০০ টাকা আছে। তিনি উক্ত টাকা দুইজনের মধ্যে এমনভাবে ভাগ করে দিলেন, যেন, প্রথম জনের টাকা দ্বিতীয় জনের ৪ গুণ হয়। আবার, প্রথম জন থেকে ১৫০০ টাকা দ্বিতীয় জনকে দিলে উভয়ের টাকার পরিমাণ সমান হয়। প্রথম জনের টাকার পরিমাণ নির্ণয় কর।",৪০০০
646,"একজন লোকের নিকট ৫০০০ টাকা আছে। তিনি উক্ত টাকা দুইজনের মধ্যে এমনভাবে ভাগ করে দিলেন, যেন, প্রথম জনের টাকা দ্বিতীয় জনের ৪ গুণ হয়। আবার, প্রথম জন থেকে ১৫০০ টাকা দ্বিতীয় জনকে দিলে উভয়ের টাকার পরিমাণ সমান হয়। দ্বিতীয় জনের টাকার পরিমাণ নির্ণয় কর।",১০০০
647,দুইটি সমকেন্দ্রিক বৃত্তের ব্যাসার্ধ যথাক্রমে ৯ সে.মি. ও ৪ সেমি। বৃত্তদ্বয়ের পরিধির মধ্যবর্তী এলাকার ক্ষেত্রফল কত ?,২০৪.১০
648,"একজন মালী ২১ মি. ব্যাসার্ধের বৃত্তাকার বাগানের চারদিকে দুইবার ঘুরিয়ে দড়ির বেড়া দিতে চায়। প্রতি মিটার দড়ির মূল্য ১৮ টাকা হলে, তাকে কত টাকার দড়ি কিনতে হবে ?",৪৭৫২
649,ব্যাসার্ধবিশিষ্ট একটি সমবৃত্তভূমিক বেলনের উচ্চতা ৪ সে.মি.। বেলনটির সমগ্র পৃষ্ঠের ক্ষেত্রফল নির্ণয় কর (π=৩.১৪)।,৫৯৮.৮৬
650, একটি সমবৃত্তভুমিক বেলনের ব্যাসার্ধ ৫.৫ সে.মি. ও উচ্চতা ৬ সে.মি.। বেলনটির বক্র পৃষ্ঠের ক্ষেত্রফল নির্ণয় কর (π=৩.১৪)।,১৬৯.৫৬