Q No.,Question,Answer,option1,option2
1,"একটি পিকআপ এবং একটি ভ্যান উভয়ই মহাসড়কে ৬০ মাইল বেগে চলছে। 
যদি পিকআপটি প্রস্থানের দিকে চলে যায় এবং ভ্যানটি তাড়াতাড়ি থামে, 
তবে কোন গাড়িটি কম দূরত্ব অতিক্রম করবে?",Option 1,পিকআপ,ভ্যান
2,একটি গল্ফ বলের ভর ৪০ গ্রাম এবং একটি বেসবলের ভর ১৫০ গ্রাম। কোনটির মাধ্যাকর্ষণ বল বেশি?,Option 2,গল্ফবল,বেসবল
3,একটি ১০ বছর বয়সী ছেলে এবং একটি ১৫ বছর বয়সী ছেলে ফুটবল ছুড়ে মারে। কোন ছেলেটি ফুটবলকে সবচেয়ে কম দূরত্বে ছুঁড়ে ফেলবে?,Option 1, ১০ বছর বয়সী ছেলে,১৫ বছর বয়সী ছেলে
4,পৃথিবীর দ্রুততম স্থল প্রাণী চিতা একটি খরগোশের বিরুদ্ধে ১০০ মিটার দৌড় করছিল। এই দৌড়ে কে জিতবে?,Option 1,চিতা ,খরগোশ
5,মিলো সর্বদা জানেন যে একটি টেবিল কার্পেটের চেয়ে কম ঘর্ষণ সরবরাহ করে। যখন তিনি তার আইস কিউবটি উভয় পৃষ্ঠজুড়ে স্লাইড করেন তখন আইস কিউবটি অন্যটির চেয়ে বেশি গলে যায়। কোনটিতে?,Option 1, কার্পেট,টেবিল
6,জন ১০ ইঞ্চি পুরু বরফ এবং এক ইঞ্চি পুরু বরফের উপর দাঁড়িয়ে আছে। কোন ধরনের বরফের  ভাঙ্গার সম্ভাবনা সবচেয়ে কম?,Option 1,১০ ইঞ্চি পুরু বরফ, ১ ইঞ্চি পুরু বরফ
7,স্ট্যানলি এবং কাইল রাস্তায় ৪০ মাইল গতিতে তাদের গাড়ি চালাচ্ছেন। স্ট্যানলি তার ফোনের উত্তর দেওয়ার জন্য তার গাড়ি থামিয়ে দেয় যখন কাইল গাড়ি চালিয়ে যায়। সবচেয়ে কম দূরত্বে গাড়ি চালায় কে?,Option 1,স্ট্যানলি ,কাইল
8,"একটি ফুটবল বলের ওজন ৩০০ গ্রাম এবং এক খণ্ড সীসার ওজন ৮০০ গ্রাম। যদি উভয়কে একটি মাঠে ছুড়া হয়, তবে কোনটির গতি তাড়াতাড়ি বাড়বে?",Option 2,সীসা খণ্ড,ফুটবল বল
9,একটি বইয়ে ৪০০ পৃষ্ঠা এবং আরেকটি বইয়ে ৩৫০ পৃষ্ঠা আছে। কোন বইটি বেশি পুরু? ,Option 2,দ্বিতীয়টি,প্রথমটি
10,"একটি ম্যামথ পানির গর্তের মধ্য দিয়ে ঘণ্টায় ১৮ কিলোমিটার গতিতে এগোয়, কিন্তু শক্ত ময়লার উপর ঘন্টায় ১৮ মাইল গতিতে চলে যায় কারণ শক্ত ময়লা ছিল? ",Option 2,বেশী প্রতিরোধী,কম প্রতিরোধী
11,টিনা এবং মিনা দুজনেই মহাসড়কে একই গতিতে চলছে। টিনা ১২৯ মিনিট এবং মিনা ৩৬ মিনিট ৪৮ সেকেন্ড গাড়ি চালায়। টিনা _______গাড়ি চালিয়েছে। ,Option 2,কম,বেশি 
12,করিমের নৌকার প্রপেলার সমুদ্রে ২০০০ আরপিএম এবং নদীতে ৩০০০ আরপিএম গতিতে চলাচল করে। কোথায় প্রপেলারটি কম গরম হয়েছে?,Option 2,সমুদ্রে ,নদীতে
13,৬৭৮০৯০ থেকে  ৯৮৭৬৫০ সংখ্যাটি?,Option 2,ছোট,বড়
14,১২৩৪৫৬ থেকে  ৯৮৭৬৫৪ সংখ্যাটি?,Option 2,ছোট,বড়
15,১২৩৪৫৬৭৮৯ থেকে  ৯৮৭৬৫৪৩২১ সংখ্যাটি?,Option 1,বড়,ছোট
16,৬৭৮০৯০ সংখ্যাটি ৯৮৭৬৫০ সংখ্যাটি থেকে ?,Option 2,বড়,ছোট
17,১২৩৪৫৬ সংখ্যাটি  ৯৮৭৬৫৪ সংখ্যাটি থেকে ?,Option 2,বড়,ছোট
18,১২৩৪৫৬৭৮৯ সংখ্যাটি  ৯৮৭৬৫৪৩২১ সংখ্যাটি থেকে ?,Option 1,ছোট,বড়
19,১২৩৪৫৬৭৮৯০ সংখ্যাটি ৯৮৭৬৫৪৩২১০ সংখ্যাটি থেকে ?,Option 1,ছোট,বড়
20,১২৩৪৫৬৭৮০৯০ সংখ্যাটি ৯৮৭৬৫৪৩২১ সংখ্যাটি থেকে  ?,Option 2,ছোট,বড়
21,৯৯৯৯৯ থেকে  ১১১১১১ সংখ্যাটি?,Option 2,ছোট,বড়
22,৮৮৮৮৮৮ থেকে  ১১১১১১১ সংখ্যাটি?,Option 1,বড়,ছোট
23,২২২২২২২ থেকে  ৫৫৫৫৫৫ সংখ্যাটি?,Option 2,বড়,ছোট
24,৬৭৮০৯০ থেকে  ৯৮৭৬৫৫ সংখ্যাটি?,Option 2,ছোট,বড়
25,১২৩৪৫৬৭৮৯০ থেকে  ৯৮৭৬৫৪৩২১০ সংখ্যাটি?,Option 1,বড়,ছোট
26,১২৩৪৫৬৭৮০৯০ থেকে  ৯৮৭৬৫৪৩২১ সংখ্যাটি?,Option 1,ছোট,বড়
27,তোমার কাছে ১০০টি একশত টাকার নোট রয়েছে। তোমার কাছে মোট কত টাকা রয়েছে?,Option 2,১০০০,১০০০০
28,তোমার কাছে প্রতিটি ২৩০ মিটার লম্বা ১৫টি রশি রয়েছে। যদি তুমি ১৫টি রশি এক লাইনে রাখ তবে পুরো রশিটি লম্বায় কত মিটার হবে ?,Option 2,২৩০০,৩৪৫০
29,গাছের ডাল ৬ ইঞ্চি পুরু যেখানে ফুলের ডাল ০.২৫ ইঞ্চি। তাই গাছের ডাল ছিল?,Option 2,দুর্বল,শক্তিশালী
30,আপনি কোনটি বেশী শুনতে পাবেন বলে মনে করেন?,Option 2,একটি হেলিকপ্টার যেটি 154 ফুট দূরে উড়ছে,একটি হেলিকপ্টার যা ৬২ মিটার দূরে উড়ছে
31,আমার বাসা থেকে ১০০ ফুট দূরত্ব থেকে পুলিশের সাইরেন আমার বাসা থেকে ১৭৫ ফুট দূরত্বে চলে যাওয়ায় সাইরেনের শব্দ?,Option 2,বেড়ে গেল,কমে গেল
32,এক টুকরো চুলের ব্যাস ০.০৬ মি.মি. যেখানে একটি দড়ির ব্যাস ১১ মি.মি. তাই চুল?,Option 2,শক্তিশালী,দুর্বল
33,এক টুকরো চুলের ব্যাস ০.০৪ মি.মি. যেখানে একটি দড়ির ব্যাস ৯ মি.মি. তাই চুল?,Option 2,শক্তিশালী,দুর্বল
34,আমার বাসা থেকে ২০০ ফুট দূরত্ব থেকে পুলিশের সাইরেন আমার বাসা থেকে ১৭৫ ফুট দূরত্বে চলে যাওয়ায় সাইরেনের শব্দ?,Option 1,বেড়ে গেল,কমে গেল
35,√২ একটি কি ধরনের সংখ্যা?,Option 2,মূলদ ,অমূলদ 
36,পাড়ার পুরষ্কার বিতরণী অনুষ্ঠানের জন্য পুরষ্কার কিনতে হবে। আমরা অনেকে দোকানে নানান পুরষ্কার কিনতে গেছি। একই দামের ৫টি টিফিন বাক্স কিনতে ১৭৫ টাকা লেগেছে। পরে পাড়ার দোকান থেকে একই দামের ৪টি টিফিন বাক্স ১৪০ টাকায় কিনেছি। পাড়ার দোকান একই দাম নিল কিনা হিসাব করি।,Option 1,একই দাম নিল,একই দাম নিল না
37,রবিন একইরকম পেয়ালা ৬টি কিনেছে ১৪৪ টাকা দিয়ে। কিন্তু লীলা একইরকম পেয়ালা অন্য দোকান থেকে ৪টি কিনেছে ৪৪ টাকা দিয়ে। দুটি দোকান একই দাম নিয়েছে কিনা হিসাব করে দেখি।,Option 1,একই দাম নিল না,একই দাম নিল
38,আমাদের স্কুল থেকে আয়েশা ও কামালের বাড়ি যথাক্রমে ১ কি.মি. ও ৬০০ মিটার দূরে। আজ আয়েশা ও কামাল বাড়ি থেকে যথাক্রমে ২০ মিনিটে ও ১২ মিনিটে স্কুলে এসেছে। দেখি ওরা একই সময়ে স্কুলে এসেছে কি?,Option 1,একই সময়ে স্কুলে এসেছে,একই সময়ে স্কুলে আসেনি
39,আমার বন্ধু প্রিয়ার উচ্চতা ১৬০ সে.মি. ও তার মায়ের উচ্চতা ১৭০ সে.মি.। আবার প্রিয়ার ওজন ৪০ কিগ্রা. এবং তার মায়ের ওজন ৪২.৫ কিগ্রা.। তাদের উচ্চতার সাথে ওজন সমানুপাতে আছে কিনা হিসাব করি।,Option 2,সমানুপাতে নেই,সমানুপাতে আছে
40,মোহিত এক দোকান থেকে ২০ টাকায় ৬টি কলা কিনে আনল। কিন্তু রাজু অন্য দোকন থেকে ২ ডজন কলা ৭২ টাকায় কিনল। কে কলা কিনতে বেশি টাকা দিয়েছে।,Option 2,রাজু ,মোহিত 
41,আজ টিফিনে আমি কেক নিয়ে গিয়েছিলাম। আমার দুই বন্ধু আয়ুষ ও সাবানা আমার কেকের যথাক্রমে ১/৩ অংশ ও ২/৫ অংশ খেল। কেকের বাকি অংশটা আমি খেলাম। কে বেশি কেক খেল? ,Option 1,সাবানা,আয়ুষ
42,রতনবাবু তাঁর ২৫বিঘা জমির মধ্যে ১৬ বিঘা জমিতে পাট চাষ করেছেন। কিন্তু উষাদেবী তাঁর ১৫ বিঘা জমির মধ্যে ৮ বিঘা জমিতে পাট চাষ করেছেন। কে বেশি অংশ জমিতে পাট চাষ করেছেন।,Option 2,উষাদেবী,রতনবাবু
43,আজমীরা স্কুলে হাতের কাজ দেখিয়ে ৫০ এর মধ্যে ২৫ নম্বর পেয়েছে। কিন্তু আলির স্কুলে আলি হাতের কাজে ২৫ এর মধ্যে ১০ নম্বর পেয়েছে। কে বেশি অংশ নম্বর পেয়েছে হিসাব করি।,Option 1,আজমীরা ,আলি 
44,"একই মাপের দুটি গ্লাসে একই পরিমাণ সরবত তৈরি করা হলো। প্রথম গ্লাসের সরবতের ১/৫ অংশ চিনি আছে, দ্বিতীয় গ্লাসের সরবতে ২/৭ অংশ চিনি আছে। সরবত খাওয়ার আগেই কোন গ্লাসের সরবত বেশি মিষ্টি দেখি।",Option 1,দ্বিতীয় গ্লাসে,প্রথম গ্লাসে
45,গনিত বইয়ে ৪০০ পৃষ্ঠা এবং বাংলা বইয়ে ৩৫০ পৃষ্ঠা আছে। কোন বইটি বেশি পুরু?,Option 2,বাংলা ,গনিত 
46,"দুইটা পাত্রে কিছু পানি আছে। একটি তে পানির সাথে সোডিয়াম ক্লোরাইড এবং
 অপরটিতে পানির সাথে সালফিউরিক এসিড মিশ্রিত আছে। 
এখানে কোন মিশ্রিত পানিটি পান করা নিরাপদ।",Option 2,সালফিউরিক এসিড মিশ্রিত পানি,সোডিয়াম ক্লোরাইড পানি
47,"একজন ট্রেন কন্ডাক্টর একটি ট্র্যাক থেকে মাটিতে চাকায় গতিপথ পরিবর্তন করে
 লক্ষ্য করেন যে তিনি ৫৮ কি.মি./ঘণ্টা গতিতে ভ্রমণ করছেন, যেখানে তিনি
 একই পরিমাণ শক্তি দিয়ে ৩৯ কি.মি./ঘণ্টা গতিতে ভ্রমণ করছেন। কোনটি বেশী মসৃণ ছিল।",Option 2,ট্র্যাক,চাকা
48,টিনা এবং মিনা দুজনেই মহাসড়কে একই গতিতে চলছে। টিনা ৩৭ মিনিট ৫০ সেকেন্ড এবং মিনা ৩৬ মিনিট ৪৮ সেকেন্ড গাড়ি চালায়। কে বেশী দুরুত্ত গাড়ি চালিয়েছে।,Option 1,টিনা,মিনা
49,"টিনা তার দুটি কুকুরের মধ্যে দৌড় দিচ্ছে। এর মধ্যে গ্রেহাউন্ডের ওজন ৪০ কেজি, এবং তার রটওয়েলারের ওজন ৩৫ কেজি। কোন কুকুরটি বেশী দ্রুত দৌড়ায়?",Option 1,রটওয়েলার,গ্রেহাউন্ড
50,মহসিন এবং মরিয়ম পার্কের চারপাশে তাদের বাইক চালানোর সিদ্ধান্ত নেয়। তারা একই পথ অনুসরণ করে কিন্তু মহসিন ১৬ মাইল/ঘণ্টা বেগে তার বাইক চালায় এবং মরিয়ম ৫ মাইল/ঘন্টা বেগে চালায়। দশ মিনিট পর কে কম দূরত্ব অতিক্রম করবে?,Option 2,মহসিন,মরিয়ম
51,একটি ট্যাঙ্কের ওজন প্রায় ৬৩ টন। একটি খেলনা গাড়ির ওজন ১.৫ কেজি। এই কারনে?,Option 2,ট্যাঙ্কটি খেলনা গাড়ির চেয়ে দ্রুত গতি পাবে,খেলনা গাড়িটি ট্যাঙ্কের চেয়ে দ্রুত গতি পাবে
52,"ম্যামথটি জলের গর্তের মধ্য দিয়ে ঘন্টায় ২১ কিমি বেগে চলেছিল, কিন্তু শক্ত মাটির উপর ঘন্টায় ১৪ কিমি বেগে চলেছিল কারণ শক্ত মাটির ছিল?",Option 2,কম প্রতিরোধী,বেশী প্রতিরোধী
53,"ম্যামথটি জলের গর্তের মধ্য দিয়ে ঘন্টায় ১৮ কিলোমিটার গতিতে চলেছিল, কিন্তু শক্ত মাটির উপর ঘন্টায় ১৮ মাইল বেগে চলেছিল কারণ শক্ত মাটির ছিল?",Option 1,কম প্রতিরোধী,বেশী প্রতিরোধী
54,"সারাহ একই পাওয়ারের দুটি অভিন্ন বাতি চালু করতে একটি রিমোট কন্ট্রোল ব্যবহার করেছিলেন, একটি ছিল ৪ মিটার দূরে এবং অন্যটি ৩০ মিটার দূরে। কোন বাতি উজ্জ্বল দেখাচ্ছিল?",Option 1,কাছাকাছি বাতি,দূরের বাতি
55,"একটি সেডানের ওজন ১৫০০ কেজি এবং একটি আবর্জনা ট্রাক যার ওজন ৬৯৬৩২ পাউন্ড , ট্রাফিক লাইটে আলো সবুজ হয়ে গেলে উভয় গাড়ির বেগ প্রতি ঘণ্টায় ৫০ মাইল পর্যন্ত পৌঁছায়। কোন গাড়িটি প্রতিযোগিতায় জিতবে?",Option 1,সেডান,আবর্জনার ট্রাক
56,বিউটি কুইন ১৫ মিটার/সেকেন্ড গতিতে মার্বেল মেঝে জুড়ে কিন্তু কাঠের মেঝেতে ১০০০ সেমি/সেকেন্ড গতিতে হেঁটেছিলেন কারণ এটি ছিল?,Option 1,বেশী প্রতিরোধী,কম প্রতিরোধী
57,মার্কাসের ছেলে পুল টেবিল থেকে পুল বল নিয়ে গেল ঘরের চারপাশে খেলার জন্য। ছেলেটি লক্ষ্য করল যে পুল বলটি মার্বেল মেঝেতে ১৮০ সেন্টিমিটার এবং বালিতে ২৭ সেন্টিমিটার দূরত্ব যায়। কোনটি বেশী মসৃণ তল?,Option 1,মার্বেল মেঝে,বালি
58,রেঞ্জার এবং রাস্টলার উভয়েই ঘোড়ায় চড়ছিল যেগুলি একই গতিতে ছুটছিল। রাস্টলার ০২:০০ এ চলে যায় যেখানে রেঞ্জার ০১ঃ০০ টায় চলে যায়। কে বেশি ভ্রমণ করেছেন?,Option 1,রেঞ্জার,রাস্টলার
59,একই শস্যাগার থেকে দুটি ঘোড়া চড়ে বের হচ্ছে। সাদা ঘোড়া ধূসর ঘোড়ার মতোই গতিতে যাচ্ছে। ধূসর ঘোড়াটি ১৯ মিনিটের জন্য ভ্রমণ করেছিল এবং সাদা ঘোড়াটি ২৮ মিনিটের জন্য ভ্রমণ করেছিল। কোন ঘোড়া এগিয়ে গেল?,Option 1,সাদা ঘোড়া,ধূসর ঘোড়া
60,"শেরি তার বলকে দুই লেনের নিচে নিয়ে যায়। বলটি ১৫ সেকেন্ডে লাল লেনকে ঢেকে দেয়, কিন্তু ২০ সেকেন্ডে সবুজ লেনকে কভার করে। উভয় লেন একই দৈর্ঘ্যের। সবুজ গলিতে বল ধীরগতির হয় বলে?",Option 1,বেশী ঘর্ষণ,কম ঘর্ষণ
61,একটি ছোট বাচ্চা ঘাসের উপর ১ মিনিটের বেশি সময় ধরে একটি বল ঘূর্ণায়মান করে এবং এটিকে বালির উপর রোল করে যেখানে এটি ৪৩ সেকেন্ড পরে থামে। বালি বল থামিয়েছে কারণ এতে ঘাসের চেয়ে _____ আছে।,Option 1,বেশী ঘর্ষণ,কম ঘর্ষণ
62,মাহির ওজন ৬৭৮ নিউটন যেখানে তার বন্ধু মুসার ওজন ৮৫২ নিউটন। যার ভর বেশি হওয়ার সম্ভাবনা আছে?,Option 2,মাহি,মুসা
63,জিম একটি ট্রাক এবং একটি গাড়ি উভয়েরই মালিক। ট্রাকটির ওজন গাড়ির থেকে ১১৭৬ কেজি কম। গ্যাসের প্যাডেলে চাপ দিলে কোন গাড়িটি বেশি গতিতে ত্বরান্বিত হবে?,Option 1,ট্রাক,গাড়ী
64,একটি ঘোড়দৌড়ের ঘোড়া এবং একটি ঘোড়ার গাড়ি উভয়ই একই সময়ে সেলুন থেকে প্রস্থান করে। ঘোড়ার গাড়ি ৮ মিটার যেতে পারে এবং ঘোড়দৌড়ের ঘোড়া একই সময়ে ১৯ মিটার যেতে পারে। পরবর্তী শহরে কোনটি শেষে পৌঁছাবে?,Option 1,ঘোড়ার গাড়িটি পরবর্তী শহরে পৌঁছতে আরও সময় নেবে,ঘোড়দৌড়ের ঘোড়াটি পরবর্তী শহরে পৌঁছাতে আরও সময় নেবে
65,একটি বোলিং বলের ভর ১২০ পাউন্ড এবং একটি বেসবলের ভর ১৩ পাউন্ড। কোনটির মাধ্যাকর্ষণ বল দুর্বল?,Option 1,বেসবল,বোলিং বল
66,এফ-১৬ এর ওজন সাধারণত ৯০৩৪ কেজি এবং জাম্বো জেটের ওজন ৪৩৯৯৮৭ কেজি। তাই এফ-১৬ ছিল?,Option 2,ধীর গতিশীল,দ্রুত গতিশীল
67,"একটি মুরগি ১৪০ সেমি/সেকেন্ড গতিতে ছুটতে পারে এবং একটি টার্কি ৪ মি/সেকেন্ড বেগে দৌড়াতে পারে। যদি দুজনেই শস্যাগার থেকে চালার দিকে দৌড়ে যায়, তাহলে সেখানে কে তাড়াতাড়ি পৌঁছাবে?",Option 2,মুরগি,টার্কি
68,একটি বাচ্চা একটি বল রোল করছে। এটি ঘাসের উপর প্রায় ৫ সেকেন্ড ঘুরতে থাকে এবং থেমে যায়। এটি কংক্রিটের আচ্ছাদিত বালিতে গড়িয়ে যায় যেখানে এটি ০.৩ ঘন্টা পরে থামে। বালি বল থামিয়েছে কারণ এতে ঘাসের চেয়ে _____ আছে?,Option 2,বেশী ঘর্ষণ,কম ঘর্ষণ
69,"জন এবং স্টিভেন একটি পরীক্ষা করার সিদ্ধান্ত নিয়েছে। তারা ৩০ গ্রাম ওজনের ইটের একটি অংশ এবং ৪০০ গ্রাম ওজনের নুড়ির গুচ্ছ নিয়ে তাদের জানালা দিয়ে ফেলে দিল, যখন তারা নীচে তাকালো তখন তারা আবিষ্কার করল যে নুড়ির বান্ডিলটি ইটের চেয়ে আগেই মেঝেতে পৌঁছেছে কারণ ইটের চেয়ে _____?",Option 1,এর ভর কম,এর ভর বেশী
70,জিম্বো জানে যে তার মার্বেলের ভর ৬ গ্রাম এবং পাথরের ভর ৪ গ্রাম। এর মানে?,Option 1,মার্বেলে বেশী মাধ্যাকর্ষণ আছে,পাথরে বেশী মাধ্যাকর্ষণ আছে
71,কেটের নৌকার প্রপেলারটি সমুদ্রে ১৩০০ ঘূর্ণন গতিতে এবং নদীতে প্রতি সেকেন্ডে ১৩০ ঘূর্ণন গতিতে চলেছিল। এর মানে কোথায় প্রপেলার কম গরম হয়?,Option 2,সাগর,নদী
72,একটি সেডানের ওজন ২৫০০ কেজি এবং একটি আবর্জনা ট্রাক যার ওজন ১০০০ কেজি ট্রাফিক লাইটের আলো সবুজ হয়ে গেলে উভয় গাড়ির বেগ প্রতি ঘণ্টায় ৫০ মাইল পর্যন্ত পৌঁছায়। কোন গাড়ি রেস জিতবে?,Option 2,সেডান,আবর্জনার ট্রাক
73,এলিয়ট লক্ষ্য করেন যে তিনি একটি হ্যান্ডকার্টকে সিমেন্টের উপর ১৯ মি/সেকেন্ড এবং কার্পেটে ২৩ মি/সেকেন্ড গতিতে ধাক্কা দিতে সক্ষম। হ্যান্ডকার্টটি কোথায় বেশী তাপ উৎপন্ন করবে?,Option 2,কার্পেটে,সিমেন্টে
74,"একটি রেস কার এবং একটি পিকআপ উভয়ই একই গতিতে হাইওয়েতে চলেছিল। রেস কারের চালক ক্লান্ত হয়ে পড়েন এবং ২৯ মিনিট পরে পার্ক করেন, যখন পিকআপের চালক ৪৩ মিনিট ধরে গাড়ি চালিয়েছিলেন। কোন গাড়িটি শেষ পর্যন্ত বেশি দূরত্ব অতিক্রম করেছে?",Option 2,রেস গাড়ী,পিকআপ
75,মার্সি তার হলুদ বলটি তার পাকা ড্রাইভওয়ের নিচে নিয়ে যাচ্ছে এবং বলটি ১৪ মিটার গড়িয়েছে। তারপর মার্সি হলুদ বলটিকে কর্দমাক্ত ফুটপাতে নামিয়ে দেয় এবং বলটি ০.২ মিটারের পরে গড়িয়ে পড়া বন্ধ করে দেয়। কর্দমাক্ত ফুটপাতে বল থেমে গেছে কারণ?,Option 1,বেশী ঘর্ষণ,কম ঘর্ষণ
76,মার্কাসের ছেলে পুল টেবিল থেকে পুল বল নিয়ে গেল ঘরের চারপাশে খেলার জন্য। ছেলেটি লক্ষ্য করলো যে পুল বলটি মার্বেল মেঝেতে ৫ মিটার এবং শ্যাগ রাগের উপর ২ মিটার দূরত্বে গড়িয়েছে। বেশী মসৃণ পৃষ্ঠ কোনটি?,Option 1,মার্বেল মেঝে,শাগ পাটি
77,একজন প্রশিক্ষক প্রতিদিন তার ঘোড়া দৌড়াতে দেখেছেন। ঘোড়াটি ৬ সেকেন্ডের মধ্যে বেশি গতিতে উঠতে সক্ষম হয়েছিল যখন কেউ তাকে চড়ছিল না এবং যখন কেউ তাকে চড়েছিল তখন এটি ১২ সেকেন্ড সময় নেয়।ঘোড়ার ওজন কম ছিল যখন?,Option 2,এর একজন রাইডার ছিল,যখন কেউ তাকে চড়ছিল না
78,"গাড়ি চালিয়ে, মেরি জানতে পেরেছিলেন যে জঙ্গলের ঘর্ষণ সহগ ০.৮, যেখানে রাস্তার সহগ ০.৪ আছে। কথা তার গাড়ি উপর দ্রুত চালানো যায়?",Option 2,জঙ্গলে,রাস্তায়
79,"ডগ তার বাড়ি থেকে তার বাইসাইকেলে বন্ধুর বাড়িতে যান এবং তিনি এক ঘন্টায় ৭ মিটার যেতে পারেন এবং যখন তিনি পায়ে হেঁটে একই ট্রিপ করেন, তখন তিনি এক ঘন্টায় ২ মাইল অতিক্রম করেন। কীভাবে ডগ তাড়াতাড়ি তার বন্ধুর বাড়িতে যাবে?",Option 1,হেঁটে,সাইকেলে
80,লিসা দুটি মডেলের রকেট নিয়ে খেলছিল। তিনি একই সময়ে রকেট দুটি আঁকাশে নিক্ষেপ করলে ৩০ সেকেন্ড পরে কালোটি মাটি থেকে ২ মিটার উপরে এবং লালটি মাটি থেকে ২৩ সেমি উপরে ছিল। কোনটির গতি বেশি ছিল?,Option 2,লালটা,কালোটা
81,মহসিন একটি পাথরের ভর এবং একটি নুড়ির ভর তুলনা করছিল। তিনি দেখতে পান যে পাথরের ভর ছিল ১২৯ পাউন্ড এবং নুড়ির ভর ছিল ১২ পাউন্ড। কোনটিতে শক্তিশালী মাধ্যাকর্ষণ আছে?,Option 1,পাথরে,নুড়িতে
82,"শিলোহ স্যান্ডপেপারের একটি অংশের উপর একটি বল রোল করে এবং লক্ষ্য করে যে বলটি ২ মিটার/সেকেন্ডে বেগে ঘূর্ণায়মান হয়, তারপরে শিলো তার বলটিকে একটি কাঁচের টুকরার উপর দিয়ে ঘুরিয়ে দেয় এবং বলটি ৫ মিটার/সেকেন্ড বেগে ঘূর্ণায়মান হয়। বল দ্রুত ঘুরল কারণ কাঁচের টুকরোয়?",Option 2,বেশী ঘর্ষণ,কম ঘর্ষণ
83,লিন্ডা এবং মেলিন্ডা একটি হ্রদ জুড়ে কায়াক করার সিদ্ধান্ত নিয়েছে। লিন্ডা এটি ৪ মিলিসেকেন্ডে লেক জুড়ে তৈরি করেছিলেন এবং মেলিন্ডা ৯৮ মিলিসেকেন্ডে এটি করেছিলেন। তাদের মধ্যে কে অন্যের মতো দ্রুত যায় নি?,Option 2,লিন্ডা,মেলিন্ডা
84,"এমিলি ছাদে একটি কলা ছুঁড়ে ফেলে এবং এটি ৫ সেমি গড়িয়ে যায়, কিন্তু যখন তিনি এটিকে পুরানো স্লাইডে ফেলে দেন, তখন এটি ১১ মিমি গড়িয়ে যায়। তিনি বুঝতে পারেন যে কম ঘর্ষণ ছিল?",Option 1,ছাদে,স্লাইডে
85,টিমের রিংটি মাঠে ৪.৫ সেন্টিমিটার এবং তার মেঝেতে ১.২ সেন্টিমিটার গড়িয়ে যায়। টিমের _____ বেশী মসৃণ।,Option 2,মেঝে,মাঠ
86,জিম ৬৭ সেমি/সেকেন্ড গতিতে দৌড়াতে পারতেন এবং তার বোন জেন ১২ সেমি/সেকেন্ড বেগে দৌড়াতে পারতেন। একটি বিপজ্জনক ভাইরাসের বিস্তার বন্ধ করার জন্য তাদের পরবর্তী শহরে কিছু জরুরি ভ্যাকসিন সরবরাহ করতে হয়েছিল। স্বল্প সময়ে সেখানে পৌঁছানোর জন্য টিকা নিয়ে কে যাওয়া উচিত?,Option 1,জিম,জেন
87,জোশ লক্ষ্য করেছেন যে তার ভাগ্নিকে (ওজন ৩৯ পাউন্ড) তার ছেলের (৩৩ পাউন্ড ওজন) তুলনায় তাকে তোলা কঠিন। তার ভাগ্নির _____ মাধ্যাকর্ষণ টান আছে?,Option 1,বেশি,কম
88,একটি গলফ বলের ভর ৫৬ গ্রাম এবং একটি বেসবলের ভর ১৮৪ গ্রাম। কোনটির দুর্বল মহাকর্ষীয় বল আছে?,Option 1,গলফবল,বেসবল
89,একটি সেডানের ওজন ৩৩৫১ পাউন্ড এবং একটি আবর্জনা ট্রাক যার ওজন ৬৪০০০ পাউন্ড ট্রাফিক লাইটে আলো সবুজ হয়ে গেলে উভয় গাড়ির বেগ প্রতি ঘণ্টায় ৫০ মাইল পর্যন্ত পৌঁছায়। কোন গাড়ি রেস জিতবে?,Option 1,সেডান,আবর্জনার ট্রাক
90,ট্যাঙ্কের সর্বোচ্চ গতি ৫ মি/সে এবং ফাইটার জেটের সর্বোচ্চ গতি ৫০ মি/সে। ধরুন তাদের দুজনকে একটি নির্দিষ্ট দূরত্ব অতিক্রম করতে হয়েছিল?,Option 1,ট্যাঙ্কটি সেই যাত্রা করতে জেটের চেয়ে বেশি সময় নেবে,ট্যাঙ্কটি সেই যাত্রা করতে জেটের চেয়ে কম সময় নেবে
91,একটি রোবট ৭ মিনিটে টাইলস এবং ১০০ সেকেন্ডে প্লাশ কার্পেট পরিষ্কার করে কারণ এটি আছে?,Option 1,বেশী ঘর্ষণ,কম ঘর্ষণ
92,"একটি মুরগি ১৪ মিটার/সেকেন্ড বেগে দৌড়াতে পারে এবং একটি টার্কি ৪ মি/সেকেন্ড বেগে দৌড়াতে পারে। যদি দুজনেই শস্যাগার থেকে চালার দিকে দৌড়ে যায়, তাহলে সেখানে কে তাড়াতাড়ি পৌঁছাবে?",Option 1,মুরগি,টার্কি
93,একই শস্যাগার থেকে দুটি ঘোড়া চড়ে বের হচ্ছে। সাদা ঘোড়া ধূসর ঘোড়ার মতোই গতিতে যাচ্ছে। ধূসর ঘোড়াটি ৯ মিনিটের জন্য ভ্রমণ করেছিল এবং সাদা ঘোড়াটি ৫ মিনিটের জন্য ভ্রমণ করেছিল। কোন ঘোড়া এগিয়ে গেল?,Option 2,সাদা ঘোড়া,ধূসর ঘোড়া
94,জোশ লক্ষ্য করেছেন যে তার ভাগ্নিকে (ওজন ৪৫ পাউন্ড) তার ছেলের (৬০ পাউন্ড ওজন) তুলনায় তাকে তোলা কঠিন। তার ভাগ্নির _____ মাধ্যাকর্ষণ টান আছে?,Option 2,বেশি,কম
95,"টেড পার্কে তার বাইক চালাচ্ছিলেন। যখন তিনি সিমেন্টের পথে ছিলেন, তখন তিনি ৫০ সেকেন্ডে পার্কের চারপাশে জিপ করতে সক্ষম হন এবং ঘাসের উপর তিনি ৪ মিনিট সময় নেন। বাইকটি কোথায় বেশি গরম হয়ে যাবে?",Option 2,সিমেন্ট পথে,ঘাসে
96,"সারাহ একই পাওয়ারের দুটি অভিন্ন বাতি চালু করতে একটি রিমোট কন্ট্রোল ব্যবহার করেছিলেন, প্রথমটি ছিল ১৬ মিটার দূরে এবং দ্বিতীয়টি ১২ মিটার দূরে। কোন বাতি উজ্জ্বল দেখাচ্ছিল?",Option 1,দ্বিতীয়টি,প্রথমটি 
97,"সারাহ একই পাওয়ারের দুটি অভিন্ন বাতি চালু করতে একটি রিমোট কন্ট্রোল ব্যবহার করেছিলেন, প্রথমটি ছিল ৩ মিটার দূরে এবং দ্বিতীয়টি ১২০ সেমি দূরে। কোন বাতি উজ্জ্বল দেখাচ্ছিল?",Option 2,প্রথমটি ,দ্বিতীয়টি 
98,"একজন ভলিবল খেলোয়াড় জিমের মেঝেতে ৪০ মিটার লাফ দিয়েছিলেন, কিন্তু সাগরের তীরে বালিতে ২২ মিটার লাফ দিয়েছিলেন। কারণ এটি ছিল?",Option 1,বেশী প্রতিরোধী,কম প্রতিরোধী
99,"টেড পার্কে তার বাইক চালাচ্ছিলেন। যখন তিনি সিমেন্টের পথে ছিলেন, তিনি ৩৫ মিনিটে পার্কের চারপাশে জিপ করতে সক্ষম হন এবং ঘাসের উপর তিনি ৪৮ মিনিট সময় নেন। বাইকটি বেশি গরম হয়ে যাবে কখন?",Option 2,সিমেন্ট পথ,ঘাস
100,"একজন ভলিবল খেলোয়াড় জিমের মেঝেতে ১.২ মিটার লাফ দিয়েছিলেন, কিন্তু সাগরের তীরে বালিতে ৪ মিটার লাফ দিয়েছিলেন। কারণ এটি ছিল?",Option 1,বেশী প্রতিরোধী,কম প্রতিরোধী
101,টিনা এবং মিনা দুজনেই হাইওয়েতে একই গতিতে যাচ্ছে। টিনা ১২৯ মিনিট এবং মিনা ৩৬ মিনিট ৪৮ সেকেন্ড ড্রাইভ করেন। কে বেশী দূর ড্রাইভ করে?,Option 2,মিনা,টিনা
102,একটি বিলিয়ার্ড বলের ভর ৬ আউন্স এবং বাস্কেটবলের ভর ০.৫ আউন্স হয়। কোন বলের মাধ্যাকর্ষণ ক্ষেত্র বেশি?,Option 1,বিলিয়ার্ড বল,বাস্কেটবল
103,"একটি ক্যাপিবারা ২০০০ সেমি/সেকেন্ড গতিতে চলে এবং একটি অ্যান্টিয়েটার ১ মি/সেকেন্ড গতিতে চলে। যদি উভয় প্রাণীই একই যাত্রা করে, তবে কোনটি সেখানে তাড়াতাড়ি পৌঁছাবে?",Option 1,ক্যাপিবারা,অ্যান্টিয়েটার
104,মহসিন একটি লণ্ঠন থেকে ৬ মিটার এবং রাস্তার আলো থেকে ২৩ মিটার দূরে দাঁড়িয়ে আছে। কোন আলোর উৎস তার কাছে উজ্জ্বল মনে হয়?,Option 1,লণ্ঠন,রাস্তার আলো
105,জিম ৪৬ মিটার/সেকেন্ড গতিতে দৌড়াতে পারত এবং তার বোন জেন ৫২ মি/সেকেন্ড বেগে দৌড়াতে পারত। একটি বিপজ্জনক ভাইরাসের বিস্তার বন্ধ করার জন্য তাদের পরবর্তী শহরে কিছু জরুরি ভ্যাকসিন সরবরাহ করতে হয়েছিল। স্বল্প সময়ে সেখানে পৌঁছানোর জন্য টিকা নিয়ে কাকে যাওয়া উচিত?,Option 2,জিম,জেন
106,"একটি মুরগি ১৪ সেমি/সেকেন্ড বেগে দৌড়াতে পারে এবং একটি টার্কি ৪ সেমি/সেকেন্ড দৌড়াতে পারে। যদি দুজনেই শস্যাগার থেকে চালার দিকে দৌড়ে যায়, তাহলে সেখানে কে তাড়াতাড়ি পৌঁছাবে?",Option 1,মুরগি,টার্কি
107,কেটের নৌকার প্রপেলারটি সমুদ্রে ৭৬৫৬ আরপিএম এবং নদীতে ১৪৩৬ আরপিএম গতিতে চলেছিল। এর মানে কোথায় প্রপেলার বেশী গরম হয়?,Option 1,সাগরে,নদীতেে
108,"টেরি তার সাইকেলটি যাত্রার জন্য নিয়ে যায়, প্রথমে ঘাসের মাঠের মধ্য দিয়ে ১৭ মিটার/সেকেন্ড বেগে, তারপর পাকা রাস্তায় ৪৮ মিটার/সেকেন্ড বেগে। পাকা রাস্তা ছিল?",Option 2,বেশী প্রতিরোধী,কম প্রতিরোধী
109,জিম রায়ট সার্ভার থেকে ১০ মাইল বাস করে। জরিনা রায়ট সার্ভার থেকে ২০০০ মাইল দূরে বাস করে। উভয়ের ইন্টারনেট গতি একই। কার পিং বেশি হবে?,Option 2,জিম,জরিনা
110,রোজ স্কিইং করছে। তিনি একটি কর্দমাক্ত পাহাড়ের নিচে এবং তারপর একটি তুষারময় পাহাড়ের নিচে স্কি করেন। রোজ লক্ষ্য করেছেন যে তিনি ০.৫৩ ঘন্টার মধ্যে তুষারময় পাহাড় এবং ৪৮ মিনিটে কর্দমাক্ত পাহাড়ে নেমেছেন এবং উভয় পাহাড়ই প্রায় একই আকারের। সেই পাহাড়ে কাদা ছিল বলেই হয়তো?,Option 1,বেশী ঘর্ষণ ছিলো,কম ঘর্ষণ ছিলো
111,বিল ৩০০ গ্রাম ভরের একটি ছোট পাথর এবং ৪০০ গ্রাম ভরের একটি নুড়ি নিক্ষেপ করে। নুড়িটি পাথরের চেয়ে দ্রুত পড়ে তার মানে?,Option 1,ওজন বেশি,ওজন কম
112,জিম ৪৬ সেমি/সেকেন্ড গতিতে দৌড়াতে পারত এবং তার বোন জেন ২০ মি/সেকেন্ড বেগে দৌড়াতে পারত। একটি বিপজ্জনক ভাইরাসের বিস্তার বন্ধ করার জন্য তাদের পরবর্তী শহরে কিছু জরুরি ভ্যাকসিন সরবরাহ করতে হয়েছিল। স্বল্প সময়ে সেখানে পৌঁছানোর জন্য টিকা নিয়ে কাকে যাওয়া উচিত?,Option 2,জিম,জেন
113,একটি পাখি ১ সেকেন্ডে ৪৩ মিটার এবং একটি পোকা ১ সেকেন্ডে ৭.২ মিটার যেতে পারে। যদি উভয় প্রাণী একই যাত্রা করে তবে কোনটি তাড়াতাড়ি পৌঁছাবে?,Option 2,পোকা,পাখি
114,"একটি স্লেগ একটি ছাদের উপর ২২.৯৬৫৯ গজ এবং ১৫ মিটার ঠান্ডা মাটির উপরে স্লাইড করেছে, উভয় পৃষ্ঠে একই গতিতে শুরু হয়েছে। এর মানে _____ আরো রুক্ষ?",Option 2,ছাদ,ঠান্ডা মাটি
115,একটি ছোট ছেলে হলওয়ের নিচে তার দুটি রাবারের বল গড়িয়েছে। লাল বল ৭০ সেকেন্ড পরে থামল। নীলটি ২ মিনিট ৩৪ সেকেন্ড পরে থামল। কোনটি বেশি দূরে গেলো?,Option 2,লাল বল,নীল বল।
116,"এমিলি ছাদে একটি কলা ছুড়ে ফেলে এবং এটি ১০০ মিমি পিছলে যায়, কিন্তু যখন সে এটি স্লাইডে ছুড়ে দেয়, তখন এটি ২১১ মিমি পিছলে যায়। কোথায় কম ঘর্ষণ ছিল?",Option 2,ছাদ,স্লাইড
117,যদি একজন স্কেটার একটি মাঠে ২৩ মি/সে গতিতে এবং একটি স্কেট পার্কে ১৭ মি/সে গতিতে রাইড করে তাহলে এর মানে হল _____ মসৃণ?,Option 2,স্কেট পার্কে,মাঠে
118,জিম্বো জানে যে তার মার্বেলের ভর ১২ গ্রাম এবং পাথরের ভর ৯ গ্রাম। এর মানে?,Option 1,মার্বেলের মাধ্যাকর্ষণ বেশি,পাথরের মাধ্যাকর্ষণ বেশি
119,মহসিনের কয়েন তার সিরামিক প্লেটে ২ সেমি/মিনিট গতিতে এবং কাগজের প্লেটে ১ সেমি/মিনিট গতিতে ঘুরছে বলে মনে হচ্ছে। এর মানে তার কয়েন বেশী গরম হয়ে যায়?,Option 1,কাগজের প্লেট,সিরামিক প্লেট
120,মাছটি পানির মধ্য দিয়ে ৪ মাইল প্রতি ঘণ্টা এবং জেলোর মধ্য দিয়ে ১ মাইল প্রতি ঘণ্টা বেগে চলে যায় কারণ _____ বেশী মসৃণ।,Option 2,জেলো,জল
121,টিমের রিংটি মাঠে ১.৬ সেমি এবং তার মেঝেতে ৪.৯ সেমি ঘূর্ণায়মান। টিমের _____ বেশী মসৃণ?,Option 1,মেঝে,মাঠে
122,যদি একটি ট্রেন ৫০ মাইল প্রতি ঘণ্টায় এবং একটি বাইক ২০ মাইল প্রতি ঘণ্টা বেগে চলে তাহলে বাইকটি যাবে?,Option 2,বেশী দূরত্ব,কম দূরত্ব
123,মেরির একটি বিড়াল আছে যার সাথে সে খেলতে পছন্দ করে। কখনও কখনও সে বিড়ালের খেলনাটিকে মেঝে জুড়ে টেনে নিয়ে যায় যাতে বিড়ালটি এটিকে তাড়া করতে পারে। যখন সে বিড়ালের খেলনাটিকে খেলার ঘরের মেঝেতে টেনে নিয়ে যায় তখন এটি ৪ মিটার দূরে যায়। যখন তিনি এটিকে রম্পাস রুমের মেঝেতে টেনে নিয়ে যান তখন এটি ২০ সেমি সরে যায়। এর মানে _____ বেশী মসৃণ?,Option 1,খেলার ঘরের মেঝে,রাম্পাস রুমের মেঝে
124,"শেপ এবং ক্রিস একই রাস্তায় গাড়ি চালাচ্ছে এবং একই গতিতে যাচ্ছে। যাইহোক, শেপ ৩৬ মিনিটের জন্য গাড়ি চালাচ্ছে এবং ক্রিস ২৮ মিনিটের জন্য গাড়ি চালাচ্ছে। ফলে?",Option 1,শেপ ক্রিসের চেয়ে বেশি ভ্রমণ করেছে,শেপ ক্রিসের চেয়ে কম ভ্রমণ করেছে
125,কর্মক্ষেত্রে গাড়ি চালিয়ে যেতে ২ ঘন্টা এবং বাসে চড়ে যেতে ৪ ঘন্টা সময় লাগে৷ কোন গাড়ি বেশি গতিতে চলে?,Option 2,বাস,গাড়ী
126,বিলি এবং জিমি একদিন দৌড়ে বাড়ি ফিরার সিদ্ধান্ত নেয়। জিমি ১০০ মিনিটে বাড়ি ফিরেছে এবং বিলি ১ ঘন্টা সময় নিয়েছে। জিমি কি তাই?,Option 1,ধীর,দ্রুত
127,"যদি একটি গাড়ি এবং একটি পিকআপ উভয়ই ৬০ মাইল বেগে ভ্রমণ করে, কিন্তু গাড়িটি ১.৩ ঘন্টা পরে থামে যেখানে পিকআপটি ১৮৬ মিনিট পরে থামে, কোনটি কম দূরত্ব অতিক্রম করেছে?",Option 1,গাড়ী,পিকআপ
128,মার্ক লক্ষ্য করেছেন যে তিনি তার লন ডার্টকে গড়ে প্রায় ৮ মিটার দূরে নরম ময়লায় এবং ৫ মিটার দূরে বালিতে ফেলতে পারেন। এর মানে হল যে _____ বেশী মসৃণ?,Option 1,নরম ময়লা,বস্তাবন্দী বালি
129,মেরির একটি বিড়াল আছে যার সাথে সে খেলতে পছন্দ করে। কখনও কখনও সে বিড়ালের খেলনাটিকে মেঝেতে টেনে নিয়ে যায় যাতে বিড়ালটি এটিকে তাড়া করতে পারে। যখন সে বিড়ালের খেলনাটিকে খেলার ঘরের মেঝেতে টেনে নিয়ে যায় তখন এটি ৬.৫ সেন্টিমিটার দূরত্বে যায়। যখন সে এটিকে রাম্পাস রুমের মেঝেতে টেনে আনে তখন এটি ৯.১ সেমি যায়। এর মানে _____ বেশী মসৃণ?,Option 2,খেলার ঘরের মেঝে,রাম্পাস রুমের মেঝে
130,রড তার কুকুরের কাছে একটি বল ঘুরিয়ে দিচ্ছিল। তিনি সিমেন্টের উপর ১৫.৬৫ গজ দূরত্বে এবং ঘাসের উপর ১৩ মিটার দূরত্বে বলটি রোল করতে সক্ষম হন। এর কারণ কি সিমেন্ট?,Option 2,রুক্ষ,মসৃণ
131,"দুটি কাগজের প্লেন একবারে বাতাসে নিক্ষেপ করা হয়। একটি মোটা কার্ডবোর্ড দিয়ে তৈরি এবং এর ওজন ২০০ গ্রাম, একটি পাতলা কাগজ দিয়ে তৈরি এবং ওজন ৪০ গ্রাম। কোন কাগজের প্লেন দ্রুত উড়ে?",Option 2,কার্ডবোর্ডের বিমান,কাগজের বিমান
132,মাহির ওজন ৪৮০ কেজি*মি*সে^-২ যেখানে তার বন্ধু মুসার ওজন ৬৫০ N। যার ভর কম হওয়ার সম্ভাবনা আছে?,Option 1,মাহি,মুসা
133,জিম একটি ট্রাক এবং একটি গাড়ি উভয়েরই মালিক। ট্রাকের ওজন গাড়ির থেকে ১৩০২৫ কেজি বেশি। গ্যাসের প্যাডেলে চাপ দিলে কোন গাড়িটি বেশি গতিতে ত্বরান্বিত হবে?,Option 2,ট্রাক,গাড়ী
134,মহসিন এবং মরিয়ম পার্কের চারপাশে তাদের বাইক চালানোর সিদ্ধান্ত নেয়। তারা একই পথ অনুসরণ করে কিন্তু মহসিন ৪.৫ মি/সেকেন্ড বেগে তার বাইক চালায় এবং মরিয়ম ৩.৪ মি/সেকেন্ড বেগে রাইড করে। দশ মিনিট পর কে বেশি দূরত্ব অতিক্রম করবে?,Option 1,মহসিন,মামলা
135,একই শস্যাগার থেকে দুটি ঘোড়া চড়ে বের হচ্ছে। সাদা ঘোড়া ধূসর ঘোড়ার মতোই গতিতে যাচ্ছে। ধূসর ঘোড়াটি ১ ঘন্টা এবং সাদা ঘোড়াটি ৫৪ মিনিটের জন্য ভ্রমণ করেছিল। কোন ঘোড়া ্বেশি দূরে গেল?,Option 2,সাদা ঘোড়া,ধূসর ঘোড়া
136,জ্যাসপার তার ভাগ্নেকে নিয়ে যাচ্ছে পার্কে। তার ভাগ্নি পাঁচ বছরের বড় এবং তার ওজন ৩০ কেজি যেখানে তার ভাগ্নের ওজন ২০ কেজি। কার মাধ্যাকর্ষণ বল বেশি হবে?,Option 1,ভাগ্নির,ভাগ্নের
137,যদি একজন স্কেটার একটি মাঠে ৩৪ মিটার/সেকেন্ড এবং একটি স্কেট পার্কে ২২ মিটার/সেকেন্ড গতিতে রাইড করে তাহলে এর মানে হল যে _____ বেশী রুক্ষ?,Option 1,স্কেট পার্ক,মাঠ
138,একটি রোবট ১০ সেকেন্ডে টাইলস এবং ১৪ সেকেন্ডে প্লাশ কার্পেট পরিষ্কার করে কারণ এটিতে ঘর্ষণ?,Option 2,বেশী,কম
139,"একটি বিড়াল এবং একটি কুকুর উভয়ই ৫ মাইল বেগে দৌড়ায়। যদি বিড়াল ২৭ মিনিট এবং কুকুর ১৪ মিনিট দৌড়ায়, তাহলে কোনটি বেশি দূরত্ব অতিক্রম করবে?",Option 1,বিড়াল,কুকুর
140,"গাড়ি চালিয়ে, মেরি জানতে পেরেছিলেন যে জঙ্গলের ঘর্ষণ সহগ ০.৭, যেখানে মাঠের সহগ ১.২ এর ১০% রয়েছে তার গাড়িটি কোথায় দ্রুত চলেছে?",Option 2,জঙ্গল,মাঠে
141,একই শস্যাগার থেকে দুটি ঘোড়া চড়ে বের হচ্ছে। সাদা ঘোড়া ধূসর ঘোড়ার মতোই গতিতে যাচ্ছে। ধূসর ঘোড়াটি ১ ঘন্টা ৩০ মিনিটের জন্য ভ্রমণ করেছিল এবং সাদা ঘোড়াটি ৩ ঘন্টা ৪৮ মিনিটের জন্য ভ্রমণ করেছিল। কোন ঘোড়া বেশী দূর গেল?,Option 1,সাদা ঘোড়া,ধূসর ঘোড়া
142,একটি ঘোড়দৌড়ের ঘোড়া এবং একটি ঘোড়ার গাড়ি উভয়ই একই সময়ে সেলুন থেকে প্রস্থান করে। ঘোড়ার গাড়ির গতি ২১ মি/সে এবং ঘোড়দৌড়ের ঘোড়ার গতি ৩৪ মি/সে। পরবর্তী শহরে কোনটি শেষে পৌঁছাবে?,Option 1,ঘোড়ার গাড়িটি পরবর্তী শহরে পৌঁছতে বেশী সময় নেবে,ঘোড়দৌড়ের ঘোড়াটি পরবর্তী শহরে পৌঁছাতে বেশী সময় নেবে
143,টমি তার বড় ভাইকে পুলের দিকে নিয়ে গেল। টমি ১৭ মি/সেকেন্ড বেগে ডাইভ করতে পারে এবং তার ভাই ৩৯ মি/সেকেন্ড বেগে ডাইভ করতে পারে। কে আগে ডাইভ শেষ করবে?,Option 2,টমি,তার ভাই
144,ঘোড়াটি ডার্বি ট্র্যাকে ৩ মি/সেকেন্ড গতিতে এবং জঙ্গলে ২৪৫ সেমি/সেকেন্ড গতিতে চলে কারণ জঙ্গলে আছে?,Option 1,বেশী বাধা,কম বাধা
145,মাছটি জলের মধ্য দিয়ে ১৩ মিটার/সেকেন্ড এবং জেলোর মধ্য দিয়ে ৬ মিটার/সেকেন্ড গতিতে যায় কারণ _____ বেশী মসৃণ?,Option 2,জেলো,জল
146,যদি একজন স্কেটার রাস্তায় ২৭ মি/সে গতিতে এবং একটি স্কেট পার্কে ২৯ মি/সে গতিতে রাইড করে তাহলে এর মানে হল _____ কম মসৃণ?,Option 2,স্কেট পার্ক,রাস্তা
147,"জন এবং স্টিভেন একটি পরীক্ষা করার সিদ্ধান্ত নিয়েছে। তারা ৮০০ গ্রাম ওজনের একটি ইট এবং ৪ গ্রাম ওজনের একটি নুড়ি নিয়ে জানালা দিয়ে ফেলে দেয়, যখন তারা নীচে তাকালো তখন তারা আবিষ্কার করেছিল যে নুড়িটি ইটের চেয়ে পরে মেঝেতে পৌঁছেছে কারণ কি?",Option 1,নুড়িটির ভর কম,ইটের ভর কম
148,একটি চিতা ৪৫ মিটার/ঘন্টা বেগে দৌড়ায় আর কুকুর ২ কিমি/ঘন্টা বেগে দৌড়ায় তাই কুকুরের কেমন সময় লাগবে?,Option 1,কম সময়,বেশী সময়
149,"টেড পার্কে তার বাইক চালাচ্ছিলেন। যখন তিনি সিমেন্টের পথে ছিলেন, তিনি ২৮ মিনিটে পার্কের চারপাশে জিপ করতে সক্ষম হন এবং ঘাসের উপর তিনি ১৭ মিনিট সময় নেন। বাইকটি বেশি গরম হয়ে যাবে কোথায়?",Option 1,সিমেন্ট পথ,ঘাস
150,বিলি এবং জিমি একদিন বাড়িতে দৌড়ানোর সিদ্ধান্ত নেয়। জিমি ২০ মিনিটে বাড়ি ফিরে আসে এবং বিলি ৮২ মিনিট সময় নেয়। কে অধিক ধীর?,Option 2,জিমি,বিলি
151,একটি ছোট ছেলে হলওয়ের নিচে তার দুটি রাবারের বল গড়িয়েছে। লাল বল ১ মিনিট পরে থামল। নীলটি ৫৭ সেকেন্ড পরে থামল। কোনটি সবচেয়ে দূরে গড়িয়ে গেলো?,Option 1,লাল বল,নীল বল
152,মাছটি জলের মধ্যে দিয়ে ১২ মি/সেকেন্ড গতিতে এবং জেলোর মধ্য দিয়ে ৬০০ সেমি/সেকেন্ড গতিতে চলে যায় কারণ কোনটি বেশী মসৃণ?,Option 2,জেলো,জল
153,"বব রাস্তার বাতি থেকে ২৯০ সেমি দূরে ছিল। তিনি একটু সরেছেন এবং এখন তিনি ১৫ মিটার দূরে, তিনি লক্ষ্য করেছেন যে বাতিটি _____ দেখাচ্ছে?",Option 2,উজ্জ্বল,অনুজ্জ্বল
154,জিম ১ ইঞ্চি প্রস্থের একটি পুরু বর্ম পড়েন। জ্যাক মাত্র ৩ সেন্টিমিটারের একটি সুতির শার্ট পড়েছে। কোনটি একটা বুলেট থামাবে?,Option 1,বর্ম,শার্ট
155,"ডিলান একটি নুড়ি (যার ভর ০.২ কেজি ) এবং বাস্কেটবল (যার ভর ১ কেজি), জানালার বাইরে নিক্ষেপ করেন। _____ এর একটি শক্তিশালী মাধ্যাকর্ষণ টান ছিল কারণ এর ভর বেশি?",Option 2,নুড়ি,বাস্কেটবল
156,লিসা দুটি মডেলের রকেট নিয়ে খেলছিল। তিনি একই সময়ে রকেট দুটি আঁকাশে নিক্ষেপ করলে ৩০ সেকেন্ড পরে কালোটি মাটি থেকে ৩০ মিটার উপরে এবং লালটি মাটি থেকে ১৮ মিটার উপরে ছিল। কোনটির গতি বেশি ছিল?,Option 2,লালটির,কালোটির
157,টিনা তার দুটি কুকুরের দৌড় দিচ্ছে। গ্রেহাউন্ডের ওজন ৮৪ পাউন্ড এবং রটওয়েলারের ওজন ১২৮ পাউন্ড। কোনটি বেশী দ্রুত যেতে পারবে?,Option 2,রটওয়েলার,গ্রেহাউন্ড
158,টিনা এবং মিনা দুজনেই হাইওয়েতে একই গতিতে যাচ্ছে। টিনা ১২ মিনিট ৫৬ সেকেন্ড এবং মিনা ৩৬ মিনিট ৪৮ সেকেন্ড ড্রাইভ করেন। কে বেশী দূর যাবে?,Option 2,টিনা,মিনা
159,বব ইউএসপিএস এর মাধ্যমে একটি প্যাকেজ এবং ইউপিএস এর মাধ্যমে একটি প্যাকেজ পাঠিয়েছে। তিনি যে প্যাকেজটি ইউপিএসের মাধ্যমে পাঠিয়েছিলেন তা ৪ দিনের মধ্যে পৌঁছেছে এবং ইউএসপিএসের মাধ্যমে ২ সপ্তাহের মধ্যে পৌঁছেছে। কোন পার্সেল পরিষেবা ধীর ছিল?,Option 1,ইউএসপিএস ধীর ছিল,ইউপিএস ধীর ছিল
160,"জেড তার বন্ধু টাইলারের বিরুদ্ধে একটি রেস জেতার চেষ্টা করছে। জেড ২৬০ পাউন্ড, এবং টাইলার ৬৫ কেজি। দৌড়ের সময়, কে দ্রুত গতি বাড়াবে?",Option 2,জেড,টাইলার
161,একটা কুকুর পাড়ায় ঘুরতে পছন্দ করত। মঙ্গলবার কুকুরটি ১ ঘন্টা ৪৫ মিনিটের জন্য রাস্তায় নেমেছিল এবং বুধবার কুকুরটি রাস্তায় নেমেছিল কিন্তু ৩০ মিনিট পরে থামে। কুকুরটি কোনদিনে রাস্তায় বেশি দূর হেঁটেছিল?,Option 1,মঙ্গলবারে,বুধবারে
162,একটি শহরের ফায়ার চিফ লক্ষ্য করেছেন যে তার ফায়ার ইঞ্জিন জনাকীর্ণ রাস্তায় ১৩ কিমি ঘন্টা এবং খোলা রাস্তায় ২৮ কিমি ঘন্টা গতিতে চলতে পারে। তিনি এই তথ্য ব্যবহার করে নির্ণয় করেছেন যে _____ আরো মসৃণ আছে?,Option 2,জনাকীর্ণ রাস্তা,খোলা রাস্তা
163,"একটি রেস কার এবং একটি পিকআপ উভয়ই একই গতিতে হাইওয়েতে চলেছিল। রেস কারের চালক ক্লান্ত হয়ে পড়ে এবং ১৫ মিনিট পরে পার্ক করে, যখন পিকআপের চালক আরও ১৫ মিনিট চালিয়ে যান। কোন যানটি শেষ পর্যন্ত বেশি দূরত্ব অতিক্রম করেছে?",Option 2,রেস গাড়ী,পিকআপ
164,"মহসিনের ট্রাকের গড় গতি ২৩ মি/সে এবং তার গাড়ির গতি ৩৮ মি/সে. যদি তিনি ফ্রিওয়েতে এক ঘন্টার জন্য উভয়ই গাড়ি চালান, তবে কোনটি কম দূরত্ব অতিক্রম করবে?",Option 1,ট্রাক,গাড়ী
165,মহসিন এবং মরিয়ম পার্কের চারপাশে তাদের বাইক চালানোর সিদ্ধান্ত নেয়। তারা একই পথ অনুসরণ করে কিন্তু মহসিন ২১ মাইল/ঘণ্টা বেগে তার বাইক চালায় এবং মরিয়ম ১৪ মাইল/ঘন্টা বেগে রাইড করে। দশ মিনিট পর কে কম দূরত্ব অতিক্রম করবে?,Option 2,মহসিন,মরিয়ম
166,একটি চিতা ৪৫ কিমি/ঘন্টা বেগে দৌড়ায় আর কুকুর ২ কিমি/ঘন্টা বেগে দৌড়ায় তাই চিতার কেমন সময় লাগবে?,Option 1,কম সময়,বেশী সময়
167,টমি তার বড় ভাইকে পুলের দিকে নিয়ে গেল। টমি ৪৯ মিটার/সেকেন্ড বেগে ডুব দিতে পারে এবং তার ভাই ২৫ মিটার/সেকেন্ড বেগে ডাইভ করতে পারে। কে আগে ডাইভ শেষ করবে?,Option 1,টমি,ভাই
168,"একটি বিড়াল এবং একটি কুকুর উভয়ই ৫ মাইল বেগে দৌড়ায়। যদি বিড়াল ২ মিনিটের জন্য এবং কুকুর ৪৫ সেকেন্ডের জন্য দৌড়ায়, তাহলে কোনটি বেশি দূরত্ব অতিক্রম করবে?",Option 1,বিড়াল,কুকুর
169,একটা কুকুর পাড়ায় ঘুরতে পছন্দ করত। মঙ্গলবার কুকুরটি ৪৫ মিনিটের জন্য রাস্তায় নেমেছিল এবং বুধবার কুকুরটি রাস্তায় নেমেছিল কিন্তু ১ ঘন্টা ৩০ মিনিটের পরে থামে। কুকুরটি কোনদিন রাস্তায় বেশি দূর হেঁটেছিল?,Option 2,মঙ্গলবারে,বুধবারে
170,লিন্ডা এবং মেলিন্ডা একটি হ্রদ জুড়ে কায়াক করার সিদ্ধান্ত নিয়েছে। লিন্ডা এটি ৪ সেকেন্ডে লেক জুড়ে এবং মেলিন্ডা ১৫ সেকেন্ডে এটি করেছিলেন। তাদের মধ্যে কে অন্যের মতো দ্রুত যায় নি?,Option 2,লিন্ডা,মেলিন্ডা
171,টমি তার বড় ভাইকে পুলের দিকে নিয়ে গেল। টমি ৪ মি/সেকেন্ড বেগে ডাইভ করতে পারে এবং তার ভাই ১০ মি/সেকেন্ড বেগে ডাইভ করতে পারে। কে আগে ডাইভ শেষ করবে?,Option 2,টমি বা,ভাই
172,কেটের নৌকার প্রপেলারটি সমুদ্রে ৩৪০০ আরপিএম এবং নদীতে ৬৭০০ আরপিএম গতিতে চলেছিল। এর মানে প্রপেলার বেশী গরম হয়?,Option 2,সাগর,নদী
173,"জো রাতে শহরে ফিরে আসছে। ১৪ কিমি দূরে থেকে জো শহরের কাছাকাছি ২.৫ কিমি দূরে গেলে, তার কাছে শহরের লাইটগুলোকে মনে হবে আরো _____।",Option 2,অনুজ্জ্বল,উজ্জ্বল
174,আমি একটি গাড়িতে ৩৯ সেমি/সেকেন্ড গতিতে এবং সাইকেলে ২ মি/সেকেন্ড গতিতে ভ্রমণ করতে পারি। কোনটি ধীর?,Option 2,সাইকেল,গাড়ী
175,"পুকুরে কচ্ছপের সাঁতারের গতি ২ মি/সে, যখন সাগরে ৫১ সেমি/সে হয় কারণ _____ বেশী মসৃণ হয়।",Option 1,পুকুর,মহাসাগর
176,জিম্বো জানে যে তার মার্বেলের ভর ৬ গ্রাম এবং পাথরের ভর ১৪ গ্রাম। এর মানে?,Option 2,মার্বেলের মাধ্যাকর্ষণ শক্তি বেশি,শিলার মাধ্যাকর্ষণ শক্তি বেশী
177,যদি একটি ট্রেন ০.৪ কিমি প্রতি ঘন্টা এবং একটি বাইক ০.১২ কিমি ঘন্টা বেগে চলে তাহলে বাইকটি যাবে?,Option 2,বেশী দূরত্ব,কম দূরত্ব
178,টিমের রিংটি মাঠে ৮.১ সেমি এবং মেঝেতে ৩.২ সেন্টিমিটার ঘূর্ণায়মান। কোনটি বেশী মসৃণ?,Option 2,মেঝে,মাঠ
179,"জো একটি বারে কাজ করত। বারটির একদিকে একটি কাচের কাউন্টার এবং অন্যদিকে একটি কাঠের কাউন্টার ছিল। যখন কাচের কাউন্টার বরাবর একটি গ্লাস পিছলে, তিনি লক্ষ্য করেন যে এটি কাঠের কাউন্টারে ০.১২ মিটার এবং কাচের কাউন্টারে ০.২০ মিটার পিছলে গেছে। এর কারণ _____ বেশী মসৃণ?",Option 1,গ্লাস কাউন্টার,কাঠের কাউন্টার
180,"গাড়ি চালিয়ে, মেরি জানতে পেরেছিলেন যে জঙ্গলের ঘর্ষণ সহগ ০.৭, যেখানে রাস্তায় জঙ্গলের তুলনায় ০.১ বেশি। তার গাড়ির বেগ কোথায় বেশী?",Option 1,জঙ্গল,টুন্ড্রা
181,"যদি একটি নৌকার গতি ৪ মিটার/সেকেন্ড হয় এবং একটি সাবমেরিনের গতি ৪৭ মিটার/সেকেন্ড হয়, তাহলে কোন নৌযানটির একই যাত্রা করতে বেশি সময় লাগবে?",Option 1,নৌকা,সাবমেরিন
182,টিনা তার দুটি কুকুরের দৌড় দিচ্ছে। গ্রেহাউন্ডের ওজন ৬০ পাউন্ড এবং রটওয়েলারের ওজন ১০০ পাউন্ড। কোনটি বেশী দ্রুত যেতে পারবে?,Option 2,রটওয়েলার,গ্রেহাউন্ড
183,"ডগ তার বাইসাইকেলে তার বাড়ি থেকে বন্ধুর বাড়িতে ভ্রমণ করে এবং সে এক সেকেন্ডে ১০০ মিটার যেতে পারে এবং যখন সে পায়ে হেঁটে একই ট্রিপ করে, তখন সে সেকেন্ডে ৪০ মিটার অতিক্রম করে। কম পদ্ধতিতে ডগ তাড়াতাড়ি তার বন্ধুর বাড়িতে যাবে?",Option 2,হেঁটে,সাইকেলে
184,"একটি কাউবয় এবং একটি হিপ্পি উভয়ই সান ফ্রান্সিসকোতে হাঁটছিল, এবং তারা একই উচ্চতা হওয়ায় একই গতিতে হাঁটছিল। যাইহোক, কাউবয় ভোর ৪ টায় উঠে এবং ৬ টায় হাঁটা শুরু করেছিল যেখানে হিপ্পি সকাল ৮ টায় হাঁটতে শুরু করেছিল। এখন দুপুর, আর?",Option 2,কাউবয় কম দূরত্ব ভ্রমণ করেছে,হিপ্পি কম দূরত্ব ভ্রমণ করেছে
185,"পুকুরে কচ্ছপের সাঁতারের গতি ৫ মি/সে, যখন সাগরে ২ মি/সে হয় কোনটি অধিক মসৃণ?",Option 1,পুকুর,মহাসাগর
186,"জেসন লক্ষ্য করেছেন যে তার এটিভি বরফের উপর ৫৮ কিমি প্রতি ঘন্টা এবং বালির উপর ৩৯ কিমি ঘন্টা গতিতে চলে। বালিতে ধীরে চলে কেননা, বালি _____?",Option 1,বেশী প্রতিরোধী,কম প্রতিরোধী
187,"একটি বিড়াল এবং একটি কুকুর উভয়ই ৫ মাইল বেগে দৌড়ায়। যদি বিড়াল ১ মিনিট এবং কুকুর ১.৫ মিনিট দৌড়ায়, তাহলে কোনটি বেশি দূরত্ব অতিক্রম করবে?",Option 2,বিড়াল,কুকুর
188,একটি ময়লা ক্ষেত্রে ঘূর্ণায়মান একটি অ্যাগেট ৩৮ সেমি/সেকেন্ড গতিতে চলে এবং একটি খালি গুহায় ঘূর্ণায়মান ১২৫ সেমি/সেকেন্ড গতিতে চলে। কোথায় এগেট আরও বেশি দূরত্বে গড়িয়ে যাবে?,Option 2,ময়লা ক্ষেত্র,খালি গুহা
189,একটি বিড়াল নদীর মধ্য দিয়ে ১২.৫৭ মিটার/সেকেন্ড এবং জঙ্গলের মধ্য দিয়ে ৩২.৯৪ মিটার/সেকেন্ড গতিতে চলে। এর মানে বিড়াল কম বাধা পায়?,Option 1,জঙ্গলে,নদীতে
190,টমি তার বড় ভাইকে পুলের দিকে নিয়ে গেল। টমি ৩৩০ সেমি/সেকেন্ড গতিতে ডুব দিতে পারে এবং তার ভাই ২ মি/সেকেন্ড বেগে ডুব দিতে পারে। কে আগে ডাইভ শেষ করবে?,Option 1,টমি,ভাই
191,সারার একজন প্রতিবেশী সিঁড়িতে কুকুরের খাবার ছড়িয়ে দিয়েছে। কুকুরের খাবারের টুকরা তিনটি সিঁড়িতে এবং সমস্ত অবতরণ জুড়ে রয়েছে। সারাহ পাগল হয়ে যায় এবং কুকুরের খাবারের এক টুকরোকে লাথি দেয়। কুকুরের খাবার সিঁড়ির এক পাশ থেকে কাঠের তক্তা জুড়ে উড়ে যায় যা ৩ মিটার লম্বা ছিল। কুকুরের খাবার প্রতিবেশীর দরজার মাদুরে পৌঁছে যায়। এটি শুধু দরজার মাদুর জুড়ে ৪ ইঞ্চি সরে যায় এবং তারপর থেমে যায়। কুকুরের খাবার দরজার মাদুর জুড়ে কেন আরও সরে গেল না?,Option 1,দরজার মাদুর একটি কাটাযুক্ত পৃষ্ঠ,সিঁড়ি অবতরণ একটি কাটাযুক্ত পৃষ্ঠ
192,একটি ঝিঁঝিঁপোকা সেকেন্ডে ৫ মিটার এবং একটি মুরগি সেকেন্ডে ৮৯ মিটার যেতে পারে। যদি উভয়ই একই যাত্রা করে তবে কোনটি পরে আসবে?,Option 2,মুরগি,ঝিঁঝিঁপোকা
193,একটি বিলিয়ার্ড বলের ভর ২২ আউন্স এবং বাস্কেটবলের ভর ৭ আউন্স। কোন বলের মাধ্যাকর্ষণ ক্ষেত্র বেশি?,Option 1,বিলিয়ার্ড বলের,বাস্কেটবলের
194,একটি ট্রেন শহরের ট্র্যাকে ১২০ কিমি/ঘন্টা এবং গ্রামের ট্র্যাকে ৯৮ কিমি/ঘন্টা বেগে চলে। এর মানে কি ট্রেন চলার জন্য বেশী গরম হয়?,Option 2,শহরের ট্র্যাক,গ্রামের ট্র্যাক
195,খালি সিমেন্ট ট্রাকের ওজন প্রায় ৩৩০০০ পাউন্ড। পরে ট্রাকে ৩৮ কেজি ওজনের ৩৪ ব্যাগ সিমেন্ট রাখা হয়। এটি বেশী _____ চলে যখন সিমেন্টের ব্যাগ ছাড়াই চলছিল?,Option 1,দ্রুত,ধীর
196,বিল ৪৮ কেজি ভরের একটি পাথর এবং ৪০০ গ্রাম ভরের একটি নুড়ি নিক্ষেপ করে। নুড়ি পাথরের চেয়ে অনেক ধীরগতিতে পড়ে মানে?,Option 2,ওজন বেশি,ওজন কম
197,"যদি একটি গাড়ি এবং একটি পিকআপ উভয়ই ৬০ মাইল বেগে ভ্রমণ করে, কিন্তু গাড়ি ৬.১ ঘন্টা পরে থামে যেখানে পিকআপ ১.৯ ঘন্টা পরে থামে, কোনটি কম দূরত্ব অতিক্রম করেছে?",Option 2,গাড়ী,পিকআপ
198,এফ-১৬ এর ওজন সাধারণত ২৫০০০০ পাউন্ড এবং জাম্বো জেটের ওজন ৫০০০০ পাউন্ড। তাই এফ-১৬ ছিল?,Option 1,ধীর গতিশীল,দ্রুত গতিশীল
199,"ডিলান একটি নুড়ি, ( যার ভর ০.১৫ কেজি ) এবং বাস্কেটবল, ( যার ভর ১.৮ কেজি ) জানালার বাইরে নিক্ষেপ করেন। _____ এর বেশী শক্তিশালী মাধ্যাকর্ষণ টান ছিল কারণ এর ভর বেশি?",Option 2,নুড়ি,বাস্কেটবল
200,অফিসে গাড়ি চালিয়ে যেতে ৩০ মিনিট সময় লাগে এবং বাসে চড়ে যেতে ২ ঘন্টা সময় লাগে। কোনটি বেশি গতিতে চলে?,Option 2,বাস,গাড়ি
201,বিউটি কুইন ৬ মি/সেকেন্ড গতিতে মার্বেল মেঝে পেরিয়ে গেলেন কিন্তু কাঠের মেঝেতে ৩ মি/সেকেন্ড গতিতে চলে গেলেন কারণ এটি ছিল?,Option 1,বেশী প্রতিরোধী,কম প্রতিরোধী
202,"পুকুরে কচ্ছপের সাঁতারের গতি ১৭২ সেমি/সেকেন্ড, যখন সাগরে এটি ৪ মি/সেকেন্ড কারণ _____ বেশী মসৃণ?",Option 2,পুকুর,সাগর
203,আগাছার মধ্যে দিয়ে ঘূর্ণায়মান হওয়ার সময় মেরির ওয়াগনটি ৪০ ডিগ্রি সেলসিয়াস তাপমাত্রায় এবং নুড়ির মধ্য দিয়ে গড়িয়ে যাওয়ার সময় ৫০ ডিগ্রি সেলসিয়াস তাপমাত্রায় পৌঁছায়। এর মানে তার ওয়াগন ধীর গতিতে রোল করতে বাধ্য হয়?,Option 2,আগাছা,নুড়ি
204,আগাছার মধ্যে দিয়ে ঘূর্ণায়মান হওয়ার সময় মেরির ওয়াগনটি ৪০ ডিগ্রি সেলসিয়াস তাপমাত্রায় এবং নুড়ির মধ্য দিয়ে গড়িয়ে যাওয়ার সময় ৫০ ডিগ্রি সেলসিয়াস তাপমাত্রায় পৌঁছায়। এর মানে তার ওয়াগন কোথায় বেশী বাধা প্রাপ্ত হয়?,Option 2,আগাছা,নুড়ি
205,জরিনা লক্ষ্য করেছেন যে মটর নুড়ির উপর পেন্সিলটি ঘূর্ণায়মান করার সময় ৪৯ জুল তাপ এবং ৩১ জুল তাপ উৎপন্ন হয় যখন এটিকে কার্পেটের উপর ঘূর্ণায়মান করা হয়। পেন্সিল কোথায় ধীর গতিতে চলে গেল?,Option 2,কার্পেট,মটর নুড়ি
206,জরিনা লক্ষ্য করেছেন যে মটর নুড়ির উপর পেন্সিলটি ঘূর্ণায়মান করার সময় ৪৯ জুল তাপ এবং ৩১ জুল তাপ উৎপন্ন হয় যখন এটিকে কার্পেটের উপর ঘূর্ণায়মান করা হয়। পেন্সিল কোথায় বেশী বাধা প্রাপ্ত হয়?,Option 2,কার্পেট,মটর নুড়ি
207,একটি ছোট ছেলে হলওয়ের নিচে তার দুটি রাবারের বল গড়িয়েছে। লাল বল ১ মিনিট ২৩ সেকেন্ড পরে থামল। নীলটি ২৯ সেকেন্ড পরে থামল। কোনটি সবচেয়ে দূরে গড়িয়ে গেলো?,Option 1,লাল বল,নীল বল
208,"পুরাতন গাছের কাণ্ডের পুরুত্ব ৩.২ ইঞ্চি, যেখানে নতুন গাছের কাণ্ডের পুরুত্ব ১.৫ ইঞ্চি, পুরনো গাছটি ছিল?",Option 1,শক্তিশালী গাছ,দুর্বল গাছ
209,কেটের নৌকার প্রপেলারটি সমুদ্রে ২০০০ আরপিএম এবং নদীতে ৩০০০ আরপিএম গতিতে চলেছিল। এর মানে প্রপেলার বেশি গরম হয়?,Option 2,সাগর,নদী
210,জরিনা লক্ষ্য করেছেন যে মটর নুড়ির উপর ঘূর্ণায়মান পেন্সিলটি ৭৬ জুল তাপ এবং ২৫ ক্যালোরি তাপ উৎপন্ন করে যখন এটিকে কার্পেটের উপর গড়িয়েছিল। পেন্সিল কি ধীর গতিতে চলে গেল?,Option 1,কার্পেট,মটর নুড়ি
211,লিসা দুটি মডেলের রকেট নিয়ে খেলছিল। তিনি একই সময়ে রকেট দুটি আঁকাশে নিক্ষেপ করলে ৩০ সেকেন্ড পরে কালোটি মাটি থেকে ৪৫ মিটার উপরে এবং লালটি মাটি থেকে ৩১ মিটার উপরে ছিল। কোনটির গতি বেশি ছিল?,Option 2,লালটা,কালোটা
212,রোজ স্কিইং করছে। তিনি একটি কর্দমাক্ত পাহাড়ের নিচে এবং তারপর একটি তুষারময় পাহাড়ের নিচে স্কি করেন। রোজ লক্ষ্য করেছেন যে তিনি ৪৮ মিনিটের মধ্যে তুষারময় পাহাড় এবং ৩৫ মিনিটে কর্দমাক্ত পাহাড়ে নেমেছেন এবং উভয় পাহাড়ই প্রায় একই আকারের। বরফের পাহাড়ে কেমন ঘর্ষণ ছিল?,Option 1,বেশী ঘর্ষণ,কম ঘর্ষণ
213,একটি বাজপাখি তার খাদ্য পেতে ৬ মিলিসেকেন্ড সময় নেয় এবং একটি শ্লথ ১২ সেকেন্ড সময় নেয়। কেন?,Option 1,বাজপাখি শ্লথের চেয়ে দ্রুত,বাজপাখি শ্লথের চেয়ে ধীর
214,একটি ইস্পাতের বলের ভর ৪ কেজি এবং একটি নুড়ির ভর ০.৮ কেজি। কোন বস্তুর বেশী শক্তিশালী মহাকর্ষীয় ক্ষেত্র আছে?,Option 1,ইস্পাতের বল,নুড়ি
215,একজন সাঁতারু ০.৫ ঘন্টায় একটি হ্রদ অতিক্রম করে এবং ৩ মিনিটের মধ্যে ভেজা কাদা অতিক্রম করে কারণ _____ বেশী মসৃণ।,Option 2,হ্রদ,ভিজা কাদা
216,"মহসিন এবং মুসা ঠিক একই সময়ে, অর্থাৎ দুপুর ১২ টায় বারটি ছেড়েছিলেন এবং একই গতিতে গাড়ি চালান। মহসিন কয়েক ঘন্টা গাড়ি চালিয়ে রাত ১২ টায় থামে যেখানে মুসা রাত ১০ টায় থামে। কে সবচেয়ে বেশি দূরত্ব ভ্রমণ করেছে?",Option 2,মুসা,মহসিন
217,জিম ৪ মি/সেকেন্ড বেগে দৌড়াতে পারত এবং তার বোন জেন ২ মি/সেকেন্ড বেগে দৌড়াতে পারত। একটি বিপজ্জনক ভাইরাসের বিস্তার বন্ধ করার জন্য তাদের পরবর্তী শহরে কিছু জরুরি ভ্যাকসিন সরবরাহ করতে হয়েছিল। স্বল্প সময়ে সেখানে পৌঁছানোর জন্য টিকা নিয়ে কাকে যাওয়া উচিত?,Option 1,জিম,জেন
218,একটি ট্যাঙ্কের ওজন প্রায় ৭০ টন। একটি খেলনা গাড়ির ওজন ০.০০০৪৪ টন। এই কারনে?,Option 2,ট্যাঙ্কটি খেলনা গাড়ির চেয়ে দ্রুত গতি পাবে,খেলনা গাড়িটি ট্যাঙ্কের চেয়ে দ্রুত গতি পাবে
219,মেরির স্কেটবোর্ড ৬ মি/সেকেন্ড গতিতে চলে যখন সে একটি ভেজা স্কেটপার্কে স্কেটিং করে যখন সে শুকনো স্কেটপার্কে স্কেট করে তখন ৭৮৯ সেমি/সেকেন্ডের তুলনায়। কোথায় তার স্কেটবোর্ড বেশী গরম হয়ে যায়?,Option 1,ভেজা স্কেটপার্ক,শুকনো স্কেটপার্ক
220,একটি বিড়াল নদীর মধ্য দিয়ে ৫ মি/সেকেন্ড এবং জঙ্গলের মধ্য দিয়ে ৯.৮৯ মি/সেকেন্ড গতিতে চলে। এর মানে বিড়াল কম বাধা পায়?,Option 1,জঙ্গল,নদী
221,শেরি তার বলকে দুই লেনের নিচে নিয়ে যায়। বলটি লাল লেনে ৩২ মি/সে গতিতে এবং সবুজ লেনে ২৭ মি/সে গতিতে চলে। বলের গতি লাল লেনে কেনো বেশী?,Option 2,বেশী ঘর্ষণ,কম ঘর্ষণ।
222,মার্ক লক্ষ্য করেছেন যে তিনি তার লন ডার্টকে গড়ে প্রায় ১৭ মিটার নরম ময়লা এবং ১২ মিটার বালিতে টানতে পারেন। এর মানে হল যে _____ বেশী মসৃণ?,Option 1,নরম ময়লা,বালি
223,একটি বিলিয়ার্ড বলের ভর ১৮ আউন্স এবং বাস্কেটবলের ভর ০.১৭ কেজি। কোন বলের মাধ্যাকর্ষণ ক্ষেত্র বেশি?,Option 1,বিলিয়ার্ড বলের,বাস্কেটবলের
224,"একটি রেস কার এবং একটি পিকআপ উভয়ই একই গতিতে হাইওয়েতে চলেছিল। রেস কারের চালক ক্লান্ত হয়ে ৫ মিনিট পরে পার্ক করে, যখন পিকআপের চালক ১০ মিনিট ধরে চলছিলো। কোন যানটি শেষ পর্যন্ত বেশি দূরত্ব অতিক্রম করেছে?",Option 2,রেস গাড়ী,পিকআপ
225,একটি বিড়াল নদীর মধ্য দিয়ে ৩ মিটার/সেকেন্ড বেগে এবং জঙ্গলের মধ্য দিয়ে ঘণ্টায় ২২ মাইল বেগে চলে। এর মানে বিড়াল কম বাধা পায়?,Option 2,নদী,জঙ্গল
226,"ইয়ান এবং অ্যাভেরি একই স্টেশন থেকে ট্রেন ধরছে। ইয়ানের ট্রেন লাল, এবং চল্লিশ মাইল দূরে একটি গন্তব্যে ৮ মাইল প্রতি ঘন্টা যাচ্ছে। অ্যাভেরি এর ট্রেন সবুজ এবং চল্লিশ মাইল দূরে একটি গন্তব্যে ১৪ মাইল প্রতি ঘন্টা যাচ্ছে।কোন ট্রেনটি ধীরগতির হয়?",Option 1,লাল,সবুজ
227,একটি বাদামী ইঁদুর এবং একটি কালো ইঁদুর প্রত্যেকে ৫০ ফুট সুড়ঙ্গের মধ্য দিয়ে যত দ্রুত সম্ভব ছুটে যায়। কালো ইঁদুর ১৮০ মিনিটে অন্য প্রান্তে এবং বাদামী ইঁদুর ৫ ঘন্টার মধ্যে চলে যায়। কোন ইঁদুর বেশী দ্রুত দৌড়াতে পারে না?,Option 1,বাদামী ইঁদুর,কালো ইঁদুর
228,এফ-১৬ এর ওজন সাধারণত ৩৪৭৮৬ পাউন্ড এবং জাম্বো জেটের ওজন ৪৩৯৯৮৭ কেজি। তাই এফ-১৬ ছিল?,Option 2,ধীর গতিশীল,দ্রুত গতিশীল
229,কেভিন নিউইয়র্ক থেকে শিকাগোতে ১৯ঃ১০ ঘন্টায় একটি প্লেন নিয়েছিলেন এবং এস্টার বিকাল ৩:৪৫ এ নিউইয়র্ক থেকে লস এঞ্জেলস যাওয়ার একটি বিমান নিয়েছিলেন। তারা উভয়ই একই ধরণের বিমান থেকে ভ্রমণ করছে তাই তাদের ভ্রমণের গতি একই। দুজনেই একই সাথে তাদের গন্তব্যে পৌঁছে গেল। কে বেশী ভ্রমণ করেছেন?,Option 2,কেভিন,এস্টার
230,"এমিলি ছাদে একটি কলা ছুঁড়ে ফেলে এবং ছাদে এটি ১৫ মিমি এর জন্য পিছলে যায়, কিন্তু যখন সে এটি স্লাইডে ছুড়ে দেয়, তখন এটি ৩ সেমি পিছলে যায়। কোথায় কম ঘর্ষণ ছিল?",Option 2,ছাদ,স্লাইড
231,একটি লাল ইঁদুর এবং একটি কালো ইঁদুর প্রত্যেকে হাইস্কুল থেকে হাসপাতালের দিকে দৌড়ায়। লাল ইঁদুর ৪ মিটার/সেকেন্ড বেগে দৌড়ায় এবং কালো ইঁদুর ২ মি/সেকেন্ড বেগে চলে। হাসপাতালে পৌছাতে কে বেশি সময় নিলো?,Option 2,লাল ইঁদুর,কালো ইঁদুর
232,"শেপ এবং ক্রিস একই রাস্তায় গাড়ি চালাচ্ছে এবং একই গতিতে যাচ্ছে। যাইহোক, শেপ ১২০ সেকেন্ডের জন্য ভ্রমণ করেছে এবং ক্রিস ১ মিনিটের জন্য ভ্রমণ করেছে। ফলে?",Option 1,শেপ ক্রিসের চেয়ে আরও বেশি ভ্রমণ করেছে,শেপ ক্রিসের চেয়ে বেশি ভ্রমণ করেনি
233,একটি ছোট ছেলে হলওয়ের নিচে তার দুটি রাবারের বল গড়িয়েছে। লাল বল ৮ সেকেন্ড পর থামল। নীলটি ৯ সেকেন্ড পরে থামল। কোনটি বেশী দূরে গেলো?,Option 2,লাল বল,নীল বল
234,একটি বাদামী ইঁদুর এবং একটি কালো ইঁদুর প্রত্যেকে ৫০ ফুট সুড়ঙ্গের মধ্য দিয়ে যত দ্রুত সম্ভব ছুটে যায়। কালো ইঁদুরটি ১৮ সেকেন্ডে অন্য প্রান্তে এবং বাদামী ইঁদুরটি ৪৫ সেকেন্ডে সুড়ঙ্গের মধ্য দিয়ে গিয়েছিল। কোন ইঁদুরটি বেশী দ্রুত দৌড়াতে পারে না?,Option 1,বাদামী মাউস,কালো মাউস
235,মিস্টার বিগসবি একটি বেসবলকে দুটি ভিন্ন পাহাড়ের নিচে নামিয়েছেন। প্রথম পাহাড়টি পাথরের স্তূপ এবং দ্বিতীয় পাহাড়টি টাটকা সিমেন্টের। মিস্টার বিগসবি লক্ষ্য করেছেন যে বেসবল টাটকা সিমেন্টের নিচে ৪.১ মাইল এবং পাথরের স্তূপ থেকে ১.২ মাইল নীচে ভ্রমণ করে। এর কারণ কি টাটকা সিমেন্ট?,Option 2,রুক্ষ,মসৃণ
236,একজন সাঁতারু ১ মিনিটে একটি হ্রদ অতিক্রম করে এবং ৩ মিনিটে ভেজা কাদা অতিক্রম করে কারণ _____ বেশী মসৃণ?,Option 1,হ্রদ,ভিজা কাদা
237,জিম্বো জানে যে তার মার্বেলের ভর ২ গ্রাম এবং পাথরের ভর ৮ গ্রাম। এর মানে?,Option 2,মার্বেলের মাধ্যাকর্ষণ বল বেশী,পাথরের মাধ্যাকর্ষণ বল বেশী
238,একটি খেলনা ট্যাঙ্কের ওজন ৪০০ গ্রাম। একটি খেলনা গাড়ির ওজন ৬০০ গ্রাম। এই কারনে?,Option 1,ট্যাঙ্কটি খেলনা গাড়ির চেয়ে দ্রুত গতি পাবে,খেলনা গাড়িটি ট্যাঙ্কের চেয়ে দ্রুত গতি পাবে
239,একটি শহরের ফায়ার চিফ লক্ষ্য করেছেন যে তার ফায়ার ইঞ্জিন জনাকীর্ণ রাস্তায় ৭ কিমি ঘন্টা এবং একটি খোলা রাস্তায় ১০ কিমি ঘন্টা গতিতে যেতে পারে। তিনি এই তথ্য ব্যবহার থেকে বুঝলেন যে _____ বেশী মসৃণ?,Option 2,জনাকীর্ণ রাস্তা,খোলা রাস্তা
240,একজন সাঁতারু ১২ মিনিটে একটি হ্রদ অতিক্রম করে এবং ৩১ মিনিটে ভেজা কাদা অতিক্রম করে কারণ _____ বেশী মসৃণ?,Option 1,হ্রদ,ভিজা কাদা
241,"জেসন খালি পায়ে স্লাইড থেকে নেমে যাওয়ার চেষ্টা করেছিল কিন্তু নিজেকে থামানোর জন্য পা নামিয়ে রেখেছিল তাই সে প্রতি ঘণ্টায় ২৩ মাইল বেগে গিয়েছিল। তিনি যখন মোজা পরে যান, তিনি প্রতি সেকেন্ডে ৪৫ ফুট গতিতে যান। এই মোজা পড়ার কারণ কি?",Option 1,কম ঘর্ষণ,বেশী ঘর্ষণ
242,"ইয়ান এবং অ্যাভেরি একই স্টেশন থেকে ট্রেন ধরছে। ইয়ানের ট্রেন লাল, এবং চল্লিশ মাইল দূরে একটি গন্তব্যে ১০ মাইল প্রতি ঘন্টা যাচ্ছে। অ্যাভেরি এর ট্রেন সবুজ এবং ৩০ মাইল প্রতি ঘন্টায় চল্লিশ মাইল দূরে একটি গন্তব্যে যাচ্ছে। ট্রেন যে ধীরগতির হয়?",Option 1,লাল,সবুজ
243,"একটি কাউবয় এবং একটি হিপ্পি উভয়ই সান ফ্রান্সিসকোতে হাঁটছিল, এবং তারা একই উচ্চতা হওয়ায় একই গতিতে হাঁটছিল। যাইহোক, কাউবয় ভোরবেলা উঠেছিল এবং রাত ২ টায় হাঁটা শুরু করেছিল যেখানে হিপ্পি সকাল ৬ টায় শুরু হয়েছিল। এখন রাত ১২টা, তবে?",Option 2,কাউবয় কম দূরত্ব ভ্রমণ করেছে,হিপ্পি কম দূরত্ব ভ্রমণ করেছে
244,"ময়লার উপর একটি মার্বেল ঘূর্ণায়মান ১৪ নিউটন প্রতিরোধের সৃষ্টি করে, যেখানে বালির উপর এটি ঘূর্ণায়মান ৪৭ নিউটন প্রতিরোধের সৃষ্টি করে। এর মানে মার্বেল কোথায় বেশি দূর যেতে পারবে?",Option 2,বালি,ময়লা
245,যদি একজন স্কেটার রাস্তায় প্রতি মিনিটে ৪২০ মিটার গতিতে এবং একটি স্কেট পার্কে ৬ মিটার/সেকেন্ড গতিতে রাইড করে তাহলে এর মানে হল যে _____ টি বেশী মসৃণ?,Option 2,স্কেট পার্ক,রাস্তা
246,মেরির স্কেটবোর্ড ২ মি/সেকেন্ড গতিতে চলে যখন সে একটি ভেজা স্কেটপার্কে স্কেটিং করে আর যখন সে শুকনো স্কেটপার্কে স্কেট করে তখন ৬ মি/সেকেন্ড। এর মানে তার স্কেটবোর্ড বেশী গরম হয়ে যায় কোথায়?,Option 1,ভেজা স্কেটপার্ক,শুকনো স্কেটপার্ক
247,আগাছার মধ্য দিয়ে গড়িয়ে যাওয়ার সময় মেরির ওয়াগন গরম হয় ৩৭ ডিগ্রি সেলসিয়াস তাপমাত্রায় এবং নুড়ির মধ্য দিয়ে গড়িয়ে যাওয়ার সময় ১১১.৩ ডিগ্রি ফারেনহাইট। এর মানে তার ওয়াগন ধীর গতিতে যেতে বাধ্য হয়?,Option 2,আগাছা,নুড়ি
248,মহসিন একটি লণ্ঠন থেকে ৪০ সেমি এবং একটি রাস্তার আলো থেকে ৮৯ সেমি দূরত্বে দাঁড়িয়ে আছে। কোন আলোর উৎস তার কাছে উজ্জ্বল মনে হয়?,Option 1,লণ্ঠন,রাস্তার আলো
249,"ডায়ানা এবং ডেভ একই স্টেশনে ওঠার পর একই ট্রেনে চড়েছেন। যদি ডায়ানা ৭৫ মিনিটের পরে ট্রেন থেকে নেমে যায় এবং ডেভ ৮৮ মিনিটের জন্য ভ্রমণ করে এবং তারপরে নেমে যায়, তাহলে কে কম দূরত্ব ভ্রমণ করেছিল?",Option 1,ডায়ানা,ডেভ।
250,"একটি ক্যাপিবারা ২০ মিটার/সেকেন্ড গতিতে চলে এবং একটি অ্যান্টিয়েটার ১১৭ মি/সেকেন্ড গতিতে চলে। যদি উভয় প্রাণীই একই যাত্রা করে, তবে কোনটি সেখানে তাড়াতাড়ি পৌঁছাবে?",Option 2,ক্যাপিবারা,অ্যান্টিয়েটার
251," একজন ভলিবল খেলোয়াড় জিমের মেঝেতে ১.২ মিটার লাফ দিয়েছিলেন, কিন্তু সাগরের তীরে বালির চেয়ে ৮ সেমি বেশী লাফ দিয়েছিলেন। কারণ এটি ছিল?",Option 2,বেশী প্রতিরোধী,কম প্রতিরোধী
252,"মহসিন এবং মুসা ঠিক একই সময়ে, অর্থাৎ দুপুর ১২ টায় বারটি ছেড়েছিলেন এবং একই গতিতে গাড়ি চালান। মহসিন কয়েক ঘন্টা গাড়ি চালিয়ে রাত ৮ টায় থামে যেখানে মুসা রাত ২ টায় থামে। কে সবচেয়ে বেশি দূরত্ব ভ্রমণ করেছে?",Option 1,মুসা,মহসিন
253,"কচ্ছপের ঝাঁক পুকুরে ১ সেকেন্ডে ২০ সেন্টিমিটার ভ্রমণ করে, যখন এটি সমুদ্রে ২ সেকেন্ডে ৮ মিটার ভ্রমণ করে কোনটি বেশী মসৃণ?",Option 2,পুকুর,সাগর
254,টিনা তার দুটি কুকুরের দৌড় দিচ্ছে। গ্রেহাউন্ডের ওজন ৮৮ পাউন্ড এবং তার রটওয়েলারের ওজন ৭৯ পাউন্ড। কোনটি বেশী দ্রুত যেতে পারবে?,Option 1,রটওয়েলার,গ্রেহাউন্ড
255,মার্ক লক্ষ্য করেছেন যে তিনি তার লন ডার্ট গড়ে প্রায় ৮২৬.৭৭২ ইঞ্চি নরম ময়লা এবং ১৬ মিটার বালিতে ফেলতে পারেন। এর মানে কোনটি অধিক মসৃণ?,Option 1,নরম ময়লা,বালি
256,"ময়লার উপর একটি ঘূর্ণায়মান মার্বেল ৫ নিউটন প্রতিরোধের সৃষ্টি করে, যেখানে বালির উপর এটি ১৭ নিউটন প্রতিরোধের সৃষ্টি করে। মার্বেল কোথায় বেশি দূর যেতে পারবে?",Option 2,বালি,ময়লা
257,একটি চিতা ঘন্টায় ৩৪ মাইল বেগে দৌড়ায় আর কুকুর ঘন্টায় ১২ মাইল বেগে দৌড়ায়। তাই চিতার কেমন সময় লাগবে?,Option 1,কম সময়,বেশী সময়
258,একটি সেডানের ওজন ৪০০০০ পাউন্ড এবং একটি আবর্জনা ট্রাক যার ওজন ৫৭৮৯ পাউন্ড একটি ট্রাফিক লাইট সবুজ হয়ে গেলে উভয় গাড়ির বেগ প্রতি ঘণ্টায় ৫০ মাইল পর্যন্ত পৌঁছায়। কোন গাড়ি সহজে প্রতিযোগতায় জিতবে?,Option 2,সেডান,আবর্জনার ট্রাক
259,মার্ক লক্ষ্য করেছেন যে তিনি তার লন ডার্টকে গড়ে প্রায় ২৩ মিটার নরম ময়লা এবং ১৯ মিটার বালিতে ফেলতে পারেন। এর মানে হল যে _____ বেশী রুক্ষ?,Option 2,নরম ময়লা,বালি
260,একটি বাজপাখি তার খাদ্য পেতে ৫ সেকেন্ড সময় নেয় এবং একটি শ্লথ ১৫ সেকেন্ড সময় নেয়। কেন?,Option 1,বাজপাখি শ্লথের চেয়ে দ্রুত,বাজপাখি শ্লথের চেয়ে ধীর
261,জেসন লক্ষ্য করেছেন যে তার এটিভি বরফের উপর ২৯.২০৪৪ মাইল/ঘন্টা গতিতে এবং বালিতে ৩৪ কিমি/ঘন্টা গতিতে চলে। বরফের চেয়ে বালি_____?,Option 1,বেশী প্রতিরোধী,কম প্রতিরোধী
262,"সারা এবং জেনি দুজনেই যদি একই গতিতে দৌড়ায়, সারাহ ৭৮ মিনিট দৌড়ায় এবং জেনি সারার চেয়ে ২৭ মিনিট দৌড়ায়, তাহলে কে বেশি দূর ভ্রমণ করেছে?",Option 1,সারাহ,জেনি
263,খালি সিমেন্ট ট্রাকের ওজন প্রায় ৮০০০ পাউন্ড। পরে ট্রাকে ৫ কেজি ওজনের ৫ ব্যাগ সিমেন্ট রাখা হয়। এটি বেশী _____ চলে যখন সিমেন্টের ব্যাগ ছাড়াই চলছিল?,Option 1,দ্রুত,ধীর
264,"মহসিন এবং মুসা ঠিক একই সময়ে, অর্থাৎ দুপুর ১২ টায় বারটি ছেড়েছিলেন এবং একই গতিতে গাড়ি চালান। মহসিন কয়েক ঘন্টা গাড়ি চালিয়ে রাত ৮ টায় থামে যেখানে মুসা ৭ টায় থামে। কে সবচেয়ে বেশি দূরত্ব ভ্রমণ করেছে?",Option 2,মুসা,মহসিন
265,একটি ট্রেন শহরের ট্র্যাকে ১৫৪ কিমি/ঘন্টা এবং গ্রামের ট্র্যাকে ২৯৮ কিমি/ঘন্টা বেগে চলে। কোথায় ট্রেনের ট্র্যাক বেশী গরম হয়?,Option 1,শহরের ট্র্যাক,গ্রামের ট্র্যাক
266,কেভিন নিউইয়র্ক থেকে শিকাগোতে ১৯ঃ১০ ঘন্টায় একটি প্লেন নিয়েছিলেন এবং এস্টার ১৪ঃ৩০ এ নিউইয়র্ক থেকে লস এঞ্জেলস যাওয়ার একটি বিমান নিয়েছিলেন। তারা উভয়ই একই ধরণের বিমান থেকে ভ্রমণ করছে তাই তাদের ভ্রমণের গতি একই। দুজনেই একই সাথে তাদের গন্তব্যে পৌঁছে গেল। কে বেশী ভ্রমণ করেছেন?,Option 2,কেভিন,ইস্টার
267,"কেট সিনেমায় আছে এবং ঘটনাক্রমে তার কাপ মেঝেতে ফেলে দেয়। কাপটি কংক্রিটের মেঝে দিয়ে ৩ সেকেন্ডের মধ্যে গড়িয়ে যায় যা ২৫ সেন্টিমিটার দীর্ঘ, কিন্তু এটি কার্পেটেড মেঝেতে আঘাত করার পরে ৩ সেকেন্ড সেকেন্ডে ০.১৮ মিটার যায়। কাপটি কংক্রিটের মেঝেতে দ্রুত ছিল কারণ কংক্রিটের মেঝে ছিল?",Option 2,বেশী ঘর্ষণ,কম ঘর্ষণ।
268,দুই দম্পতি তাদের প্রতিটি গাড়িতে তাদের মুদি মাল বোঝাই করে। প্রতিটি গাড়িতে একটি করে ঘোড়া তা টানছে এবং তারা সমান শক্তিশালী। প্রথম ঘোড়াকে ১০০ পাউন্ড খাবার বহন করতে হবে এবং দ্বিতীয় ঘোড়াকে ৯০ পাউন্ড খাবার বহন করতে হবে। কোনটি ধীর হবে?,Option 1,প্রথম ঘোড়া,দ্বিতীয় ঘোড়া
269,রড তার কুকুরের কাছে একটি বল ঘুরিয়ে দিচ্ছিল। তিনি সিমেন্টের উপর ১২ মিটার দূরত্ব এবং ঘাসের উপর ১০ মিটার দূরত্বে বলটি রোল করতে সক্ষম হন। এর কারণ কি সিমেন্ট?,Option 2,রুক্ষ,মসৃণ
270,দুই দম্পতি তাদের প্রতিটি গাড়িতে তাদের মুদি মাল বোঝাই করে। প্রতিটি গাড়িতে একটি করে ঘোড়া তা টানছে এবং তারা সমান শক্তিশালী। প্রথম ঘোড়াকে ৯৮ পাউন্ড খাবার বহন করতে হবে এবং দ্বিতীয় ঘোড়াকে ৩৪ কেজি খাবার বহন করতে হবে। কোনটি ধীর হবে?,Option 1,ঘোড়া এক,ঘোড়া ২
271,একটি খেলনা ট্যাঙ্কের ওজন ১.২ কেজি। একটি খেলনা গাড়ির ওজন ৬০০ গ্রাম। এই কারনে?,Option 2,ট্যাঙ্কটি খেলনা গাড়ির চেয়ে দ্রুত গতি পাবে,খেলনা গাড়িটি ট্যাঙ্কের চেয়ে দ্রুত গতি পাবে
272,"ময়লার উপর একটি ঘূর্ণায়মান মার্বেল বালির তুলনায় ৫ নিউটন প্রতিরোধ ক্ষমতা তৈরি করে, বালির উপর এটি ৭৩ নিউটন প্রতিরোধের সৃষ্টি করে। মার্বেল কোথায় বেশি যেতে পারবে?",Option 1,বালি,ময়লা
273,শেরি তার বলকে দুই লেনের নিচে নিয়ে যায়। বলটি লাল লেনে ১৬৭৮ সেমি/সেকেন্ড গতিতে এবং সবুজ লেনে ১৪.৬৮৯০ মি/সেকেন্ড গতিতে চলে। সবুজ লেনে বল ধীরগতির হয় বলে?,Option 1,বেশী ঘর্ষণ,কম ঘর্ষণ
274,"যদি একটি গাড়ি এবং একটি পিকআপ উভয়ই ৬০ মাইল প্রতি ঘণ্টা গতিতে ভ্রমণ করে, কিন্তু গাড়িটি ২.২ ঘন্টা পরে থামে যেখানে পিকআপটি গাড়ির ৩০ মিনিট আগে থামে, যা কম দূরত্ব অতিক্রম করেছে?",Option 2,গাড়ী,পিকআপ
275,লিন্ডা এবং মেলিন্ডা একটি হ্রদ জুড়ে কায়াক করার সিদ্ধান্ত নিয়েছে। লিন্ডা এটি ৪০০০ মিলিসেকেন্ডে লেক জুড়ে এবং মেলিন্ডা ২ সেকেন্ডে এটি করেছিলেন। তাদের মধ্যে কে অন্যের মতো দ্রুত যায় নি?,Option 1,লিন্ডা,মেলিন্ডা
276,মেরির স্কেটবোর্ড ১১ মি/সেকেন্ড গতিতে চলে যখন সে একটি ভেজা স্কেটপার্কে স্কেটিং করে আর যখন সে শুকনো স্কেটপার্কে স্কেট করে তখন ২৯ মি/সেকেন্ডে চলে। এর মানে তার স্কেটবোর্ড গরম হয়ে যায় যখন সে এটাতে চড়ে?,Option 1,ভেজা স্কেটপার্ক,শুকনো স্কেটপার্ক
277,জ্যাসপার তার ভাগ্নেকে নিয়ে যাচ্ছে পার্কে। তারপর তার ভাগ্নির পালা। তার ভাগ্নির পাঁচ বছরের বড় এবং তার ওজন ৩৯ কেজি যেখানে তার ভাগ্নের ওজন ২২ কেজি। কার মাধ্যাকর্ষণ টান কম?,Option 2,ভাগ্নি,ভাগ্নে
278,"গাড়ি চালিয়ে, মেরি জানতে পেরেছিলেন যে জঙ্গলের ঘর্ষণ সহগ ০.৭, যেখানে রাস্তার ০.১ রয়েছে। গাড়ি কোথায় দ্রুত চলে?",Option 2,জঙ্গল,রাস্তায়
279,রড তার কুকুরের কাছে একটি বল ঘুরিয়ে দিচ্ছিল। তিনি সিমেন্টের উপর ৫ মিটার দূরত্ব এবং ঘাসের উপর ২ মিটার দূরত্বে বলটি রোল করতে সক্ষম হন। এর কারণ কি সিমেন্ট?,Option 2,রুক্ষ,মসৃণ
280,একটি স্টিলের বলের কিছু অংশের ভর ৪০০ গ্রাম এবং একটি নুড়ির ভর ৬০০ গ্রাম। কোন বস্তুর একটি শক্তিশালী মহাকর্ষীয় ক্ষেত্র আছে?,Option 2,ইস্পাতের বল,নুড়ি
281,"ডিলান জানালার বাইরে একটি নুড়ি, (যার ভর ০.২ কেজি) এবং একটি খেলনা বাস্কেটবল, (যার ভর ১০০ গ্রাম), ছুড়ে মারেন। _____ এর একটি শক্তিশালী মাধ্যাকর্ষণ টান ছিল কারণ এর ভর বেশি?",Option 1,নুড়ি,বাস্কেটবল
282,"ডায়ানা এবং ডেভ একই স্টেশনে ওঠার পর একই ট্রেনে চড়েছেন। যদি ডায়ানা ১০ মিনিটের পরে ট্রেন থেকে নেমে যায় এবং ডেভ ১৫ মিনিটের জন্য ভ্রমণ করে এবং তারপরে নেমে যায়, তাহলে কে কম দূরত্ব ভ্রমণ করেছিল?",Option 1,ডায়ানা,ডেভ।
283,প্রথম কচ্ছপের গতি ৪০ সেমি/সেকেন্ড এবং দ্বিতীয় কচ্ছপের গতি ৪ মি/সেকেন্ড। কোন প্রাণী সমুদ্রে পৌঁছতে বেশি সময় নেবে যদি দুজনেই সমুদ্র সৈকতে চলতে থাকে?,Option 1,প্রথম কচ্ছপ,দ্বিতীয় কচ্ছপ
284,"জ্যাক্স মেঝেতে টয়লেট পেপারের একটি রোল ফেলে দেয়। টয়লেট পেপারটি কার্পেটে গড়িয়ে পড়ে এবং ২ মিটার পর ধীরে ধীরে থেমে যায়। পরে যখন তিনি টয়লেট পেপারের একই রোলটি কাঠের মেঝেতে ফেলে দেন, তখন টয়লেট পেপারের রোলটি ৭ মিটার লম্বা ঘর থেকে বের হতে থাকে। টয়লেট পেপারের রোলটি কাঠের মেঝেতে বেশী দূরত্বে গিয়েছিল কারণ এটি ছিল?",Option 2,বেশী ঘর্ষণ,কম ঘর্ষণ
285,মহসিন এবং মরিয়ম পার্কের চারপাশে তাদের বাইক চালানোর সিদ্ধান্ত নেয়। তারা একই পথ অনুসরণ করে কিন্তু মহসিন ২ মাইল/ঘণ্টা বেগে তার বাইক চালায় এবং মরিয়ম ১.২ মাইল/ঘন্টা বেগে রাইড করে। দশ মিনিট পর কে কম দূরত্ব অতিক্রম করবে?,Option 2,মহসিন,মরিয়ম
286,মহসিন একটি পাথরের ভর এবং একটি নুড়ির ভর তুলনা করছিল। তিনি দেখতে পান যে পাথরের ভর ছিল ১৪৮ পাউন্ড এবং নুড়ির ভর ছিল ২ পাউন্ড। কোন আইটেম শক্তিশালী মাধ্যাকর্ষণ নির্গত করে?,Option 1,পাথরের ,নুড়ি
287,অফিসে গাড়ি চালিয়ে যেতে সময় লাগে ৯০ মিনিট এবং বাসে চড়ে যেতে সময় লাগে ১ ঘন্টা। কোন গাড়ি বেশি গতিতে চলে?,Option 1,বাস,গাড়ী
288,জেমস তার স্লেজ ৪.১ মিটার শুষ্ক তুষার উপর এবং ১.৪৯ মিটার ভেজা তুষার উপর রাইড করতে পারেন। এর মানে _____ বেশী রুক্ষ?,Option 1,ভেজা তুষার,শুকনো তুষার
289,ডগ তার বাইসাইকেলে তার বাড়ি থেকে বন্ধুর বাড়িতে ভ্রমণ করে এবং সে এক সেকেন্ডে ৭৮ মিটার যায় এবং যখন সে পায়ে হেঁটে একই ট্রিপ করে তখন সে সেকেন্ডে ১২ মিটার যায়। কোন পরিস্থিতিতে ডগ তাড়াতাড়ি তার বন্ধুর বাড়িতে যাবে?,Option 2,হেঁটে,সাইকেলে
290,"দুটি বিমান একই এয়ারফিল্ড থেকে উড্ডয়ন করে এবং উচ্চতায় পৌঁছলে একই বেগে উড়ে যায়। লাল বিমানটি ৪২ মিনিটের জন্য উড়ে যায় এবং কাছাকাছি একটি শহরে অবতরণ করে, যখন সবুজ বিমান আরও ১৯ মিনিটের জন্য উড়তে থাকে এবং আরও দূরে পরবর্তী শহরে অবতরণ করে। এর মানে কি?",Option 2,লাল বিমান আরও বেশি দূরত্বে উড়ে গেল,সবুজ বিমান আরও বেশি দূরত্বে উড়ে গেল
291,বিলি এবং জিমি একদিন দৌড়ে বাড়িতে যাওয়ার সিদ্ধান্ত নেয়। জিমি ৪০ মিনিটে বাড়ি ফিরে আসে এবং বিলি ৫০ মিনিট সময় নেয়। জিমি কি তাই?,Option 2,ধীর,দ্রুত
292,এফ-১৬ এর ওজন সাধারণত ৫৬৭২১৪ পাউন্ড এবং জাম্বো জেটের ওজন ৩৯৯৮৭ কেজি। তাই এফ-১৬ ছিল?,Option 1,ধীর গতিশীল,দ্রুত গতিশীল
293,মেরির স্কেটবোর্ডটি ৩৯৮৫ সেমি/সেকেন্ড গতিতে চলে যখন সে একটি ভেজা স্কেটপার্কে স্কেটিং করে আর যখন সে শুকনো স্কেটপার্কে স্কেটিং করে তখন ৮২৯ সেমি/সেকেন্ডে চলে। এর মানে তার স্কেটবোর্ড বেশী গরম হয়ে যায় যখন সে এটাতে চড়ে?,Option 2,ভেজা স্কেটপার্ক,শুকনো স্কেটপার্ক
294,মেরির স্কিফ খোলা সমুদ্রে ৯.২ মাইলের তুলনায় উপসাগরে জ্বালানি শেষ হওয়ার আগে ১৪ মাইল দূরত্ব অতিক্রম করতে সক্ষম। এর মানে এই যে _____ আরো রুক্ষ?,Option 2,উপসাগর,খোলা সমুদ্র
295,"ম্যামথটি জলের গর্তের মধ্য দিয়ে ঘন্টায় ১৮ কিমি বেগে চলেছিল, কিন্তু শক্ত ময়লার উপর ঘন্টায় ২৭ কিমি বেগে চলেছিল কারণ শক্ত ময়লা ছিল?",Option 1,কম প্রতিরোধী,বেশী প্রতিরোধী
296,জ্যাসপার তার ভাগ্নেকে নিয়ে যাচ্ছে পার্কে। তারপর তার ভাগ্নির পালা। তার ভাগ্নির পাঁচ বছরের বড় এবং তার ওজন ২১ কেজি যেখানে তার ভাগ্নের ওজন ২৪ কেজি। কার মাধ্যাকর্ষণ টান বেশি?,Option 2,ভাগ্নি,ভাগ্নে
297,"জন এবং রিতা দৌড়ে যাচ্ছে। রিতা ক্লান্ত হয়ে পড়ে এবং ৫৫ মিনিট জগিং করার পরে পার্কের বেঞ্চে বিরতি নেয়। জন পার্কে ১ ঘন্টার জন্য দৌড়াচ্ছে, কে বেশি দৌড়েছে?",Option 1,জন,রিতা
298,বিল ২৫৭ গ্রাম ভরের পাথরের একটি ভগ্নাংশ এবং ৬৫৬ গ্রাম ভরের একটি নুড়ি নিক্ষেপ করে। নুড়ি পাথরের চেয়ে দ্রুত পড়ে তার মানে?,Option 1,ওজন বেশি,ওজন কম
299,একটি বোলিং বলের ভর ১০ পাউন্ড এবং একটি বেসবলের ওজন ৫ পাউন্ড। কোনটির বেশী মাধ্যাকর্ষণ আছে?,Option 2,বেসবল,বোলিং বল
300,"একটি রেস কার এবং একটি পিকআপ উভয়ই একই গতিতে হাইওয়েতে চলেছিল। রেস কারের চালক ক্লান্ত হয়ে ৪৫ মিনিট পর পার্কিং করেন, যখন পিকআপের চালক ৩৫ মিনিট ধরে দৌড়েছিলেন। কোন যানটি শেষ পর্যন্ত বেশি দূরত্ব অতিক্রম করেছে?",Option 1,রেস গাড়ী,পিকআপ
301,"জো একটি বারে কাজ করত। বারটির একদিকে একটি কাচের কাউন্টার এবং অন্যদিকে একটি কাঠের কাউন্টার ছিল। জো যখন কাচের কাউন্টার বরাবর একটি গ্লাস ছুড়ে, সে লক্ষ্য করে যে এটি কাঠের কাউন্টারে ১৫ সেমি এবং ১০ সেমি পিছলে গেছে। এর কারণ _____ বেশী মসৃণ?",Option 1,গ্লাস কাউন্টার,কাঠের কাউন্টার
302,মেরির একটি বিড়াল আছে যার সাথে সে খেলতে পছন্দ করে। কখনও কখনও সে বিড়ালের খেলনাটিকে মেঝেতে টেনে নিয়ে যায় যাতে বিড়ালটি এটিকে তাড়া করতে পারে। যখন সে বিড়ালের খেলনাটিকে খেলার ঘরের মেঝেতে টেনে নিয়ে যায় তখন এটি ৪৯ সেন্টিমিটার দূরত্বে যায়। যখন তিনি এটিকে রম্পাস রুমের মেঝেতে টেনে নিয়ে যান তখন এটি ২১ সেন্টিমিটার সরে যায়। কোনটি বেশী মসৃণ?,Option 1,খেলার ঘরের মেঝে,রাম্পাস রুমের মেঝে
303,প্রথম কচ্ছপের গতি ৪০০ সেমি/সেকেন্ড এবং দ্বিতীয় কচ্ছপের গতি ২ মি/সেকেন্ড। কোন প্রাণী সমুদ্রে পৌঁছতে বেশি সময় নেবে যদি দুজনেই সমুদ্র সৈকতে চলতে থাকে?,Option 2,প্রথম কচ্ছপ,দ্বিতীয় কচ্ছপ
304,"জেড তার বন্ধু টাইলারের বিরুদ্ধে একটি রেস জেতার চেষ্টা করছে। জেড ৮৮ কেজি, এবং টাইলার ২৩০ কেজি। দৌড়ের সময়, কে দ্রুত গতি বাড়াবে?",Option 1,জেড,টাইলার
305,"ডগ তার বাইসাইকেলে তার বাড়ি থেকে বন্ধুর বাড়িতে ভ্রমণ করে এবং সে এক ঘন্টায় ৭ মাইল অতিক্রম করে এবং যখন সে একই দূরত্ব পায়ে হেঁটে যায়, তখন সে এক ঘন্টায় ২ মাইল অতিক্রম করে। কীভাবে ডগ তাড়াতাড়ি তার বন্ধুর বাড়িতে যাবে?",Option 2,হেঁটে,সাইকেলে
306,রেঞ্জার এবং রাস্টলার উভয়েই একই সাথে বাড়ির দিকে ঘোড়ায়(যেগুলি একই গতিতে ছুটছিল) চড়ে চলছিল। রাস্টলার ০২:০০ এ বাড়ি চলে যায় যেখানে রেঞ্জার ০১:০০ এ যায়। কে কম সময় ভ্রমণ করেছেন?,Option 1,রেঞ্জার,রাস্টলার
307,"এমিলি ছাদে একটি কলা ছুঁড়ে ফেলেছিল এবং এটি ৫ সেমি পিছলে গিয়েছিল, কিন্তু যখন সে এটি স্লাইডে ছুঁড়েছিল, তখন এটি ১১ সেমি পিছলে যায়। কোনটিতে কম ঘর্ষণ ছিল?",Option 2,ছাদ,স্লাইড
308,"জেড তার বন্ধু টাইলারের বিরুদ্ধে একটি রেস জেতার চেষ্টা করছে। জেড ৩৪০ কেজি, এবং টাইলার ৮০ কেজি। দৌড়ের সময়, কে দ্রুত গতি বাড়াবে?",Option 2,জেড,টাইলার
309,"মহসিন এবং মুসা ঠিক একই সময়ে, অর্থাৎ ০১ঃ০০ ঘণ্টায় বারটি ছেড়েছিলেন এবং একই গতিতে গাড়ি চালান। মহসিন কয়েক ঘন্টা গাড়ি চালিয়ে ০৬ঃ০০ ঘন্টায় থামে যেখানে মুসা ২২ঃ০০ ঘন্টা থামে। কে সবচেয়ে বেশি দূরত্ব ভ্রমণ করেছে?",Option 1,মুসা,মহসিন
310,একটি স্লেগ একই গতিতে একটি ছাদের উপর ১৩ মিটার এবং ঠান্ডা মাটির উপর ৯ মিটারের জন্য স্লাইড করেছে। এর মানে _____ বেশী রুক্ষ?,Option 2,ছাদ,ঠান্ডা মাটি
311,"জেড তার বন্ধু টাইলারের বিরুদ্ধে একটি রেস জেতার চেষ্টা করছে। জেড ১৩০ কেজি, এবং টাইলার ৬০ কেজি। দৌড়ের সময়, কে দ্রুত গতি বাড়াবে?",Option 2,জেড,টাইলার
312,একটা কুকুর পাড়ায় ঘুরতে পছন্দ করত। মঙ্গলবার কুকুরটি ১ ঘন্টা ৫৩ মিনিটের জন্য রাস্তায় নেমেছিল এবং বুধবার কুকুরটি রাস্তায় নেমেছিল কিন্তু ৩৩০ মিনিট পরে থামে। কুকুরটি কোনদিন রাস্তায় বেশি দূর হেঁটেছিল?,Option 2,মঙ্গলবারে,বুধবারে
313,রেঞ্জার এবং রাস্টলার উভয়েই ঘোড়ায় চড়ছিল যেগুলি একই গতিতে ছুটছিল। রাস্টলার ১৮:০০ এ চলা শুরু করে যেখানে রেঞ্জার ২১:০০ এ চলা শুরু করে। কে বেশী দূর ভ্রমণ করেছেন?,Option 2,রেঞ্জার,রাস্টলার
314,"যদি একটি নৌকার গতি ৭০০ সেমি/সেকেন্ড হয় এবং একটি সাবমেরিনের গতি ৪ সেমি/সেকেন্ড হয়, তাহলে কোন নৌযানটি একই যাত্রা করতে বেশি সময় নেবে?",Option 2,নৌকা,সাবমেরিন
315,একজন সাঁতারু ৫ মিনিটে একটি হ্রদ অতিক্রম করে এবং ৩০ সেকেন্ডে ভিজা কাদা অতিক্রম করে কোনটি কম মসৃণ?,Option 1,হ্রদ,ভিজা কাদা
316,একটি ট্রেন শহরের ট্র্যাকে ৭৪ মাইল প্রতি ঘন্টা এবং গ্রামের ট্র্যাকে ৬৬ মাইল প্রতি ঘন্টা বেগে চলে। ট্রেনটির চাকা কোন ট্র্যাকে বেশি গরম হয়?,Option 2,শহরের ট্র্যাক,দেশের ট্র্যাক
317,কেভিন নিউইয়র্ক থেকে শিকাগোতে ০৯ঃ০০ ঘন্টায় একটি প্লেন নিয়েছিলেন এবং ইস্টার ১৭ঃ০০ এ নিউইয়র্ক থেকে লস এঞ্জেলস যাওয়ার একটি বিমান নিয়েছিলেন। তারা উভয়ই একই ধরণের বিমান থেকে ভ্রমণ করছে তাই তাদের ভ্রমণের গতি একই। দুজনেই একই সাথে তাদের গন্তব্যে পৌঁছে গেল। কে বেশী ভ্রমণ করেছেন?,Option 2,কেভিন,ইস্টার
318,"টেরি তার সাইকেল নিয়ে যাত্রার জন্য, প্রথমে ঘাসের মাঠের মধ্য দিয়ে ৩ মি/সেকেন্ড বেগে, তারপর পাকা রাস্তায় ১২০ সেমি/সেকেন্ড বেগে। পাকা রাস্তা ছিল?",Option 1,বেশী প্রতিরোধী,কম প্রতিরোধী।
319,একটি হাত ১২ সেকেন্ডে ২০০ সেন্টিমিটার আকারের জলের ট্যাঙ্কের মধ্য দিয়ে যেতে পারে এবং এটি ৭ সেকেন্ডে বাতাসের মাধ্যে ২ মিটার যেতে পারে। কোথায় কম ঘর্ষণ আছে?,Option 2,জল,বায়ু
320,রেঞ্জার এবং রাস্টলার উভয়েই ঘোড়ায় চড়ছিল যেগুলি একই গতিতে ছুটছিল। রাস্টলার ০১:০০ এ চলা শুরু করে যেখানে রেঞ্জার ০৩:০০ এ চলা শুরু করে। কে বেশী ভ্রমণ করেছেন?,Option 2,রেঞ্জার,রাস্টলার
321,মেরির স্কিফ খোলা সমুদ্রে ৪ মাইলের তুলনায় উপসাগরে জ্বালানি শেষ হওয়ার আগে ১০ মাইল দূরত্ব অতিক্রম করতে সক্ষম। এর মানে এই যে _____ বেশী রুক্ষ?,Option 2,উপসাগর,খোলা সমুদ্র
322,একটি ঝিঁঝিঁপোকা সেকেন্ডে ১৫ মিটার এবং একটি মুরগি সেকেন্ডে ৭৮ মিটার কভার করতে পারে। যদি উভয়ই একই যাত্রা করে তবে কোনটি পরে আসবে?,Option 2,মুরগি,ঝিঁঝিঁপোকা
323,"টেড পার্কে তার বাইক চালাচ্ছিলেন। যখন তিনি সিমেন্টের পথে ছিলেন, তিনি ১০ মিনিটে পার্কের চারপাশে ঘুরতে করতে সক্ষম হন এবং ঘাসের উপর তিনি ২০ মিনিট সময় নেন। ঘর্ষনের কারণে বাইকটি বেশি গরম হয়ে যায় কখন?",Option 2,সিমেন্ট পথ,ঘাস
324,একটি রোবট ২৩ সেকেন্ডে টাইলস এবং ১ মিনিটে প্লাশ কার্পেট পরিষ্কার করে কারণ টাইলসে কার্পেটের তুলনায়?,Option 2,বেশী ঘর্ষণ,কম ঘর্ষণ
325,"টেরি তার সাইকেল নিয়ে যাত্রার জন্য, প্রথমে ঘাসের মাঠের মধ্য দিয়ে ৫৬০ সেমি/সেকেন্ড বেগে, তারপর পাকা রাস্তায় ১২ মি/সেকেন্ড বেগে। পাকা রাস্তা ছিল?",Option 2,কম প্রতিরোধী,কম প্রতিরোধী
326,মাছটি পানির মধ্য দিয়ে ৮ মিটার/সেকেন্ড এবং জেলোর মধ্য দিয়ে ৫ মিটার/সেকেন্ড বেগে চলে যায় কোনটি বেশী মসৃণ?,Option 2,জেলো,জল
327,একটি রোবট ০.৫ ঘন্টার মধ্যে টাইলস এবং ১৪ মিনিটের মধ্যে প্লাশ কার্পেট পরিষ্কার করে কারণ টাইলসে কার্পেটের তুলনায়?,Option 1,বেশী ঘর্ষণ,কম ঘর্ষণ
328,একটি শহরের ফায়ার চিফ লক্ষ্য করেছেন যে তার ফায়ার ইঞ্জিন জনাকীর্ণ রাস্তায় ১২ মাইল এবং খোলা রাস্তায় ৭ মাইল প্রতি ঘন্টা গতিতে যেতে পারে। কোন রাস্তাটি বেশী মসৃণ?,Option 1,জনাকীর্ণ রাস্তা,খোলা রাস্তা
329,আমি একটি গাড়িতে ৬ মি/সে গতিতে এবং একটি সাইকেলে ২০ মি/সে গতিতে ভ্রমণ করতে পারি। কোনটি ধীর?,Option 2,সাইকেল,গাড়ী
330,আমি একটি গাড়িতে ৫৬ মি/সে গতিতে এবং একটি সাইকেলে ১২ মি/সে গতিতে ভ্রমণ করতে পারি। কোনটি ধীর?,Option 1,সাইকেল,গাড়ী
331,"যদি একটি নৌকার গতি ১২ মিটার/সেকেন্ড হয় এবং একটি সাবমেরিনের গতি ৮৭ মিটার/সেকেন্ড হয়, তাহলে কোন নৌযানটির একই যাত্রা করতে বেশি সময় লাগবে?",Option 1,নৌকা,সাবমেরিন
332,একটি ট্রেন শহরের ট্র্যাকে ৬০ কিমি/ঘন্টা এবং গ্রামের ট্র্যাকে ৯০ কিমি/ঘন্টা বেগে চলে। ঘর্ষনের কারণে ট্রেনটির চাকা কোন ট্র্যাকে বেশি গরম হয়?,Option 1,শহরের ট্র্যাক,গ্রামের ট্র্যাক
333,"কেট সিনেমায় আছে এবং ঘটনাক্রমে তার কাপ মেঝেতে ফেলে দেয়। কাপটি কংক্রিটের মেঝে দিয়ে ৪ সেকেন্ডে গড়িয়ে যায় যা ১৩ মিটার দীর্ঘ, কিন্তু কার্পেটেড মেঝেতে আঘাত করার পরে এটি ৭ সেকেন্ডে ৯ মিটার যায়। কার্পেটের মেঝেতে কাপটি ধীরগতির ছিল কারণ কার্পেট মেঝে ছিল?",Option 1,বেশী ঘর্ষণ,কম ঘর্ষণ
334,প্রথম ইঁদুরটি এবং দ্বিতীয় ইঁদুরটি প্রত্যেকে হাইস্কুল থেকে হাসপাতালের দিকে হাঁটতে বের হয়। প্রথম ইঁদুর ১১০ সেমি/সেকেন্ড গতিতে চলে এবং দ্বিতীয় ইঁদুর ৩ মি/সেকেন্ড গতিতে চলে। হাসপাতালে পৌছাতে কে বেশি সময় নিলো?,Option 1,প্রথম ইঁদুর,দ্বিতীয় ইঁদুর
335,"ইয়ান এবং অ্যাভেরি একই স্টেশন থেকে ট্রেন ধরছে। ইয়ানের ট্রেন লাল, এবং চল্লিশ মাইল দূরে একটি গন্তব্যে ৯ কিমি প্রতি ঘন্টা যাচ্ছে। অ্যাভেরি এর ট্রেন সবুজ এবং চল্লিশ মাইল দূরে একটি গন্তব্যে ২৩ কিমি প্রতি ঘন্টা যাচ্ছে। যে ট্রেনের গতি বেশি?",Option 2,লাল,সবুজ
336,"সারা এবং জেনি দুজনেই যদি একই গতিতে দৌড়ায়, সারাহ ৪৮ মিনিট দৌড়ায় এবং জেনি সারার চেয়ে ৫৬ মিনিট বেশী দৌড়ায়, তাহলে কে বেশি দূর ভ্রমণ করেছে?",Option 2,সারাহ,জেনি
337,বব ইউএসপিএস এর মাধ্যমে একটি প্যাকেজ এবং ইউপিএস এর মাধ্যমে একটি প্যাকেজ পাঠিয়েছে। তিনি ইউপিএস এর মাধ্যমে যে প্যাকেজটি পাঠিয়েছিলেন তা ১৪ দিনের মধ্যে পৌঁছেছে এবং ইউএসপিএসের মাধ্যমে ১০ দিনের মধ্যে পৌঁছেছে। কোন পার্সেল পরিষেবা ধীর ছিল?,Option 2,ইউএসপিএস ধীর ছিল,ইউপিএস ধীর ছিল
338,ট্যাঙ্কের সর্বোচ্চ গতি ৩২ মাইল প্রতি ঘন্টা এবং ফাইটার জেটের সর্বোচ্চ গতি ২৯০ মাইল প্রতি ঘন্টা। ধরুন তাদের দুজনকে একটি নির্দিষ্ট দূরত্ব অতিক্রম করতে হয়েছিল?,Option 1,ট্যাঙ্কটি সেই যাত্রা করতে জেটের চেয়ে বেশি সময় নেবে,ট্যাঙ্কটি সেই যাত্রা করতে জেটের চেয়ে কম সময় নেবে
339,"কেট সিনেমায় আছে এবং ঘটনাক্রমে তার কাপ মেঝেতে ফেলে দেয়। কাপটি কংক্রিটের মেঝে দিয়ে ৪ সেকেন্ডে গড়িয়ে যায় যা ৩ মিটার দীর্ঘ, কিন্তু কার্পেটেড মেঝেতে আঘাত করার পরে এটি ৭ সেকেন্ডে ২ মিটার যায়। কাপটি কংক্রিটের মেঝেতে দ্রুত ছিল কারণ কংক্রিটের মেঝে ছিল?",Option 2,বেশী ঘর্ষণ,কম ঘর্ষণ
340,জ্যাসপার তার ভাগ্নেকে নিয়ে যাচ্ছে পার্কে। তারপর তার ভাগ্নির পালা। তার ভাগ্নির বয়স পাঁচ বছরের বেশী এবং ওজন ৩২ কেজি যেখানে তার ভাগ্নের ওজন ৪০ পাউন্ড ১৩ আউন্স। কার মাধ্যাকর্ষণ টান বেশি?,Option 1,ভাগ্নির,ভাগ্নের
341,আমি একটি গাড়িতে ২৩ মি/সে গতিতে এবং একটি সাইকেলে ৪ মি/সে গতিতে ভ্রমণ করতে পারি। কোনটি ধীর?,Option 1,সাইকেল,গাড়ী
342,একটি খরগোশ একটি ক্ষেতে ৩১ কিমি/ঘন্টা এবং একটি ক্যাকটাস ক্ষেতে ৪৭ কিমি/ঘন্টা বেগে দৌড়াতে পারে। এর মানে কোথায় খরগোশটি বেশী বাধা পায়?,Option 2,ক্যাকটাস ক্ষেত্র,ক্ষেতে
343,একটি বোলিং বলের ভর ১৯ পাউন্ড এবং একটি বেসবলের ওজন ৬ পাউন্ড। কোনটির শক্তিশালী মাধ্যাকর্ষণ আছে?,Option 2,বেসবল,বোলিং বল
344,যদি একজন স্কেটার একটি রাস্তায় ৬ মি/সে এবং একটি স্কেট পার্কে ৪ মি/সে গতিতে রাইড করে তাহলে কোনটি বেশী মসৃণ?,Option 2,স্কেট পার্ক,রাস্তায়
345,"একটি পোর্শে ৪ মাইল/ঘণ্টা বেগে ছুটছিল এবং একটি টয়োটা ১.৫ মাইল/ঘণ্টা বেগে ছুটছিল, তাই পোর্শে রেস করেছিল?",Option 2,বেশী সময়,কম সময়
346,"একটি মুরগি ৪ মিটার/সেকেন্ড বেগে দৌড়াতে পারে এবং একটি টার্কি ২ মিটার/সেকেন্ড দৌড়াতে পারে। যদি দুজনেই শস্যাগার থেকে চালার দিকে দৌড়ে যায়, তাহলে সেখানে কে তাড়াতাড়ি পৌঁছাবে?",Option 1,মুরগি,টার্কি
347,"বব রাস্তার বাতি থেকে ৭৯২ সেমি দূরে ছিল। তিনি একটু সরে গেলেন এবং এখন তিনি ১৯ সেমি দূরে, তিনি লক্ষ্য করলেন যে রাস্তার বাতি আগের চেয়ে বেশী _____ ?",Option 1,উজ্জ্বল,অনুজ্জ্বল
348,বিলি এবং জিমি একদিন বাড়িতে দৌড়ানোর সিদ্ধান্ত নেয়। জিমি ৪ ঘন্টা এবং বিলি ৯ ঘন্টা সময় নেয় বাড়ি ফিরতে। তাই জিমি বিলির চেয়ে বেশী _____ ?,Option 2,ধীর,দ্রুত
349,"জ্যাক্স মেঝেতে টয়লেট পেপারের একটি রোল ফেলে দেয়। টয়লেট পেপারটি কার্পেটে গড়িয়ে পড়ে এবং ২৩৪ সেন্টিমিটার পরে ধীরে ধীরে থেমে যায়। পরে যখন তিনি টয়লেট পেপারের একই রোলটি কাঠের মেঝেতে ফেলে দেন, তখন টয়লেট পেপারের রোলটি ৯ মিটার লম্বা ঘর থেকে বের হতে থাকে। টয়লেট পেপারের রোলটি কাঠের মেঝেতে বেশী দূরত্বে গিয়েছিল কারণ এটি ছিল?",Option 2,বেশী ঘর্ষণ,কম ঘর্ষণ
350,মাহির ওজন ৬০০ নিউটন যেখানে তার বন্ধু মুসার ওজন ৮০০ নিউটন। কর ভর কম হওয়ার সম্ভাবনা আছে?,Option 1,মাহি,মুসা
351,জরিনা তার পেন্সিলটি বিভিন্ন পৃষ্ঠে ঘষে দেখলেন যে কতটা তাপ তৈরি হয়েছে। তিনি লক্ষ্য করেছেন যে মটর নুড়ির উপর পেন্সিলটি ঘষার সময় ৮১ জুল তাপ এবং ১৩৭ জুল তাপ উৎপন্ন হয় যখন এটিকে কার্পেটের উপর ঘষা হয়। পেন্সিলটি কোথায় ধীর গতিতে চলবে?,Option 1,কার্পেট,মটর নুড়ি
352,"মহসিনের ট্রাকের গড় গতি ঘণ্টায় ১৩ মাইল এবং তার গাড়ির গতি ঘণ্টায় ২৯ মাইল। যদি তিনি ফ্রিওয়েতে এক ঘন্টার জন্য উভয় গাড়ি চালান, তবে কোনটি বেশী দূরত্ব অতিক্রম করবে?",Option 2,ট্রাক,গাড়ী
353,একটি বাজপাখি তার খাদ্য পেতে ৬০০০ ন্যানোসেকেন্ড সময় নেয় এবং একটি স্লথ ১০০ মিলিসেকেন্ড সময় নেয়। কেন?,Option 2,বাজপাখি স্লথের চেয়ে দ্রুত,বাজপাখি স্লথের চেয়ে ধীর
354,"দুটি কাগজের প্লেন একসাথে বাতাসে নিক্ষেপ করা হয়। একটি মোটা কার্ডবোর্ড দিয়ে তৈরি যার ওজন ১৮৬ গ্রাম, একটি বিশেষ কাগজ দিয়ে তৈরি যার ওজন ৪৬৭ গ্রাম। কোন কাগজের প্লেন দ্রুত উড়ে?",Option 1,কার্ডবোর্ড,বিশেষ কাগজ
355,ঘোড়াটি ডার্বি ট্র্যাকে ১২০ সেমি/সেকেন্ড গতিতে এবং বনে ৩.৫ মিটার/সেকেন্ড গতিতে চলে কারণ বনে আছে?,Option 2,বেশী বাধা,কম বাধা
356,একটি স্টিলের বলের ভর ১৩ কেজি এবং একটি নুড়ির ভর ০.৩ কেজি। কোন বস্তুর বেশী শক্তিশালী মহাকর্ষীয় ক্ষেত্র আছে?,Option 1,ইস্পাতের বল,নুড়ি
357,"শেপ এবং ক্রিস একই রাস্তায় গাড়ি চালাচ্ছে এবং একই গতিতে যাচ্ছে। যাইহোক, শেপ ১৭ মিনিটের জন্য ভ্রমণ করেছেন এবং ক্রিস ২৫ মিনিটের জন্য ভ্রমণ করেছেন। ফলে?",Option 2,শেপ ক্রিসের চেয়ে বেশি ভ্রমণ করেছে,শেপ ক্রিসের চেয়ে বেশি ভ্রমণ করেনি
358,"মহসিনের ট্রাকের গড় গতি ঘণ্টায় ১৩ মাইল এবং তার গাড়ির গতি ঘণ্টায় ২৯ মাইল। যদি তিনি ফ্রিওয়েতে এক ঘন্টার জন্য উভয়ই গাড়ি চালান, তবে কোনটি কম দূরত্ব অতিক্রম করবে?",Option 1,ট্রাক,গাড়ী
359,জেমস তার স্লেজ ৪০ সেমি শুষ্ক তুষারের উপর এবং ১৯ সেমি ভেজা তুষারের উপর রাইড করতে পারেন। এর মানে _____ বেশি রুক্ষ?,Option 1,ভেজা তুষার,শুকনো তুষার
360,"পুরানো গাছের কাণ্ডের প্রস্থ ৫.১ ইঞ্চি, এবং নতুন গাছের কাণ্ডের পুরুত্ব ১০ সেমি, তাহলে পুরানো গাছটি ছিল তুলনামূলক?",Option 1,শক্তিশালী গাছ,দুর্বল গাছ
361,"একজন ভলিবল খেলোয়াড় জিমের মেঝেতে ৩ মিটার লাফ দিয়েছিলেন, কিন্তু সাগরের তীরে বালিতে ১.২ মিটার লাফ দিয়েছিলেন। কারণ এটি ছিল?",Option 1,বেশি প্রতিরোধী,কম প্রতিরোধী
362,"ইয়ান এবং অ্যাভেরি একই স্টেশন থেকে ট্রেন ধরছে। ইয়ানের ট্রেন লাল, এবং চল্লিশ মাইল দূরে একটি গন্তব্যে ৩৯ কিমি প্রতি ঘন্টা যাচ্ছে। অ্যাভেরি এর ট্রেন সবুজ এবং চল্লিশ মাইল দূরে একটি গন্তব্যে ২৩ কিমি প্রতি ঘন্টা যাচ্ছে। ট্রেন যে ধীরগতির হয়?",Option 2,লাল,সবুজ
363,একটি সিটি বাস একটি রাস্তা ধরে ১২ কিমি এবং একটি গলিতে ৮ কিমি যেতে পারে। কোনটি বেশী রুক্ষ?,Option 2,রাস্তা,গলি
364,প্রথম কচ্ছপ এক সেকেন্ডে ৪০০ সেমি এবং দ্বিতীয় কচ্ছপ ৫ সেকেন্ডে ২ মিটার ভ্রমণ করে। কোনটি সমুদ্রে পৌঁছতে বেশি সময় নেবে যদি দুজনেই সমুদ্র সৈকতে হাঁটতে থাকে?,Option 2,প্রথম কচ্ছপ,দ্বিতীয় কচ্ছপ
365,"যদি সারা এবং জেনি দুজনেই একই গতিতে দৌড়ায়, সারাহ ১ ঘন্টা ২০ মিনিট দৌড়ায় এবং জেনি সারার চেয়ে ৩০ মিনিট দৌড়ায়, তাহলে কে বেশি দূর দৌড়ায়?",Option 1,সারাহ,জেনি
366,জেরিন এবং মিনা দুজনেই হাইওয়েতে একই গতিতে যাচ্ছে।জেরিন ০.৬৫ ঘণ্টা এবং মিনা ৩৮.৫০ মিনিটের জন্য গাড়ি চালায়। কে বেশী দূর গাড়ি চালায়?,Option 2,মিনা,জেরিন
367,টিনা এবং মিনা দুজনেই হাইওয়েতে একই গতিতে যাচ্ছে। টিনা ৩০.৬ মিনিট এবং মিনা ২৮.৭৬ মিনিটের জন্য গাড়ি চালায়। কে বেশী দূর গাড়ি চালায়?,Option 1,টিনা,মিনা
368,"বব রাস্তার বাতি থেকে ২৯০ মিটার দূরে ছিল। তিনি একটু সরেছেন এবং এখন তিনি ১২ মিটার দূরে, তিনি লক্ষ্য করেছেন যে এটির আলো আরো _____ হয়েছে।",Option 1,উজ্জ্বল,অনুজ্জ্বল
369,টড সোমবার তার গাড়িতে ওঠে এবং ২৪ ঘন্টা গাড়ি চালায়। তিনি মঙ্গলবার একই জিনিস করেন কিন্তু সেই দিন ১৮ ঘন্টা ৫০ মিনিট পরে থামেন। কোন দিন সে কম দূরে যাবে?,Option 2,সোমবার,মঙ্গলবার
370,একটি গলফ বলের ভর ৭৮ গ্রাম এবং একটি বেসবলের ভর ০.১৫৯ কেজি। কোনটির তুলনামূলক দুর্বল মহাকর্ষীয় ক্ষেত্র আছে?,Option 1,গলফ বলের,বেসবলের
371,একটি গলফ বলের ভর ১৫৮ গ্রাম এবং একটি বেসবলের ভর ০.১৫৯ কেজি। কোনটির তুলনামূলক বেশী মহাকর্ষীয় বল আছে?,Option 2,গলফ বলের,বেসবলের
372,রোজ স্কিইং করছে। তিনি একটি কর্দমাক্ত পাহাড়ের নিচে এবং তারপর একটি তুষারময় পাহাড়ের নিচে স্কি করেন। রোজ লক্ষ্য করেছেন যে তিনি ২৭ মিনিটে তুষারময় পাহাড় এবং ৩২ মিনিটে কর্দমাক্ত পাহাড়ের নিচে নেমেছেন এবং উভয় পাহাড়ই প্রায় একই আকারের। সেই পাহাড়ে কাদা ছিল তাই?,Option 1,বেশী ঘর্ষণ,কম ঘর্ষণ
373,একটি শহরের বাস একটি রাস্তার উপর দিয়ে ১০.৩ মাইল এবং একটি গলি দিয়ে ১.২ মাইল যেতে পারে।কোনটি বেশী রুক্ষ?,Option 2,রাস্তা,গলি
374,"মিতা এবং রিতা দৌড়ে যাচ্ছে। রিতা ক্লান্ত হয়ে পড়ে এবং ২৫ মিনিট জগিং করার পরে পার্কের বেঞ্চে বিরতি নেয়। মিতা পার্কে ৩৫ মিনিটের জন্য দৌড়াচ্ছে, কে বেশি দৌড়েছে?",Option 1,মিতা,রিতা
375,কেভিন নিউইয়র্ক থেকে শিকাগোতে ০৮ঃ০০ ঘন্টায় একটি প্লেন নিয়েছিলেন এবং ইস্টার ০৭ঃ০০ এ নিউইয়র্ক থেকে লস এঞ্জেলস যাওয়ার একটি বিমান নিয়েছিলেন। তারা উভয়ই একই ধরণের বিমান থেকে ভ্রমণ করছে তাই তাদের ভ্রমণের গতি একই। দুজনেই একই সাথে তাদের গন্তব্যে পৌঁছে গেল। কে বেশী সময় ভ্রমণ করেছেন?,Option 2,কেভিন,ইস্টার
376,দুইটি ইঁদুর হাইস্কুল থেকে হাসপাতালের দিকে হাঁটতে বের হয়। প্রথম ইঁদুরটি ১৪ মিটার/সেকেন্ড বেগে চলে এবং দ্বিতীয় ইঁদুরটি ৬ মি/সেকেন্ড বেগে চলে। হাসপাতালে পৌছাতে কে বেশি সময় নিলো?,Option 2,প্রথম ইঁদুরটি,দ্বিতীয় ইঁদুরটি
377,জিম সার্ভার থেকে ১০০ কিমি দূরে থাকে। জরিনা সার্ভার থেকে ৯৭০০ মাইল দূরে বাস করে। উভয়ের ইন্টারনেট গতি একই। কার পিং বেশি হবে?,Option 2,জিম,জরিনা
378,বিউটি কুইন ১৩ মিটার/সেকেন্ড গতিতে মার্বেল মেঝেতে কিন্তু কাঠের মেঝেতে ৯ মিটার/সেকেন্ড গতিতে হাটতে পেড়েছিলেন। কারণ এটি ছিল?,Option 1,বেশী প্রতিরোধী,কম প্রতিরোধী
379,একটি ময়লা ক্ষেত্রের মধ্যে ঘূর্ণায়মান একটি অ্যাগেট ৫ মিটার/সেকেন্ড গতিতে চলে এবং একটি খালি গুহায় ২৩ মিটার/সেকেন্ড গতিতে চলে। কোথায় এগেট বেশি দূরত্বে গড়িয়ে যাবে?,Option 2,ময়লা ক্ষেত্র,খালি গুহা
380,একটি ছোট ছেলে হলওয়ের নিচে তার দুটি রাবারের বল গড়িয়েছে। লাল বল ১০০ সেকেন্ড পরে থামল। নীল একটি ৯১ সেকেন্ড পরে বন্ধ হল। কোনটি সবচেয়ে দূরে যায়?,Option 1,লাল বল,নীল বল
381,জিম সার্ভার থেকে ৩৭ মাইল বাস করে। জরিনা সার্ভার থেকে ৬৮০০ মাইল দূরে বাস করে। উভয়ের ইন্টারনেট গতি একই। কার পিং বেশি হবে?,Option 2,জিম,জরিনা
382,টড সোমবার তার গাড়িতে ওঠে এবং ১২ ঘন্টা গাড়ি চালায়। তিনি মঙ্গলবার একই কাজ করেন কিন্তু সেদিন ৯ ঘন্টা পরে থামেন। কোন দিন সে কম দূর যাবে?,Option 2,সোমবার,মঙ্গলবার
383,"জন এবং রিতা দৌড়ে যাচ্ছে। রীতা ক্লান্ত হয়ে পড়ে এবং ৪৫ মিনিট জগিং করার পরে পার্কের বেঞ্চে বিরতি নেয়। জন পার্কে ৩৮ মিনিটের জন্য দৌড়াচ্ছে, কে বেশি দৌড়েছে?",Option 2,জন,রিতা
384,টড সোমবার তার গাড়িতে ওঠে এবং ৪ ঘন্টা গাড়ি চালায়। তিনি মঙ্গলবার একই জিনিস করেন কিন্তু সেদিন ৩ ঘন্টা পরে থামেন। কোন দিন সে কম দূর যাবে?,Option 2,সোমবার,মঙ্গলবার
385,"জো একটি বারে কাজ করত। বারটির একদিকে একটি কাচের কাউন্টার এবং অন্যদিকে একটি কাঠের কাউন্টার ছিল। জো যখন কাচের কাউন্টার বরাবর একটি গ্লাস ছুঁড়ে, তিনি লক্ষ্য করেন যে এটি কাঠের কাউন্টারে ৮.৪ সেমি এবং কাচের কাউন্টারে ১.৩ সেমি পিছলে গেছে। কোনটি বেশী মসৃণ?",Option 1,কাচের কাউন্টার,কাঠের কাউন্টার
386,"পুকুরে কচ্ছপের সাঁতারের গতি ১২ মিটার/সেকেন্ড, যখন সাগরে ২.৮ মিটার/সেকেন্ড, কারণ _____ বেশী মসৃণ?",Option 1,পুকুর,মহাসাগর
387,একটি বাদামী ইঁদুর এবং একটি কালো ইঁদুর প্রত্যেকে ৫০ ফুট সুড়ঙ্গের মধ্য দিয়ে যত দ্রুত সম্ভব ছুটে যায়। কালো ইঁদুরটি ১১ সেকেন্ডের মধ্যে অন্য প্রান্তে যায় এবং বাদামী ইঁদুরটি ২৫ সেকেন্ডে যায়। কোন ইঁদুরটি তুলনামূলক কম দ্রুত দৌড়াতে পারে?,Option 1,বাদামী ইঁদুুরটি,কালো ইঁদুরটি
388,খালি সিমেন্ট ট্রাকের ওজন প্রায় ৭২৫৮ কেজি । পরে ট্রাকে ৪২ কেজি ওজনের ১৮ ব্যাগ সিমেন্ট রাখা হয়। এটি বেশী _____ চলে যখন সিমেন্টের ব্যাগ ছাড়াই চলছিল?,Option 1,দ্রুত,ধীর
389,"দুটি বিমান একই এয়ারফিল্ড থেকে উড্ডয়ন করে এবং উচ্চতায় পৌঁছলে একই বেগে উড়ে যায়। লাল বিমানটি ৫৭ মিনিটের জন্য উড়ে যায় এবং কাছাকাছি একটি শহরে অবতরণ করে, যখন সবুজ বিমানটি ৩৮ মিনিটের জন্য ফ্লাইটে থাকে এবং আগের শহরে অবতরণ করে। এর মানে কি?",Option 1,লাল বিমান আরও বেশি দূরত্বে উড়ে গেল,সবুজ বিমান একটি বেশী দূরত্ব উড়ে গেল
390,একটি বাদামী বিড়াল এবং একটি কালো বিড়াল প্রত্যেকে ৫০ ফুট সুড়ঙ্গের মধ্য দিয়ে যত দ্রুত সম্ভব ছুটে যায়। কালো বিড়ালটি ১৮০ মিনিটে অন্য প্রান্তে যায় এবং বাদামী বিড়ালটি ৬৯ মিনিটে যায়। কোন বিড়ালটি তুলনামূলক দ্রুত দৌড়াতে পারে না?,Option 2,বাদামী বিড়াল,কালো বিড়াল
391,জিম ৫ সেন্টিমিটার পুরু কেভলার ভেস্ট পরেন। জ্যাক শুধু ১ সেন্টিমিটার পুরু একটি সুতির শার্ট পরেছে। কোনটি একটা বুলেট থামাতে পারবে?,Option 1,কেভলার,তুলা
392,"যদি একটি গাড়ি এবং একটি পিকআপ উভয়ই ৬০ মাইল বেগে ভ্রমণ করে, কিন্তু গাড়ি ২ ঘন্টা পরে থামে যেখানে পিকআপ ৬ ঘন্টা পরে থামে, কোনটি কম দূরত্ব অতিক্রম করেছে?",Option 1,গাড়ী,পিকআপ
393,এফ-১৬ এর ওজন সাধারণত ২০০০০ পাউন্ড এবং জাম্বো জেটের ওজন ৭০০০০০ পাউন্ড। তাই এফ-১৬ ছিল?,Option 2,ধীর গতিশীল,দ্রুত গতিশীল
394,মহসিন এবং মরিয়ম পার্কের চারপাশে তাদের বাইক চালানোর সিদ্ধান্ত নেয়। তারা একই পথ অনুসরণ করে কিন্তু মহসিন ৪৫ মি/সেকেন্ড বেগে তার বাইক চালায় এবং মরিয়ম ২৩ মি/সেকেন্ড বেগে বাইক চালায়। দশ মিনিট পর কে কম দূরত্ব অতিক্রম করবে?,Option 2,মহসিন,মরিয়ম
395,"একটি কাউবয় এবং একটি হিপ্পি উভয়ই সান ফ্রান্সিসকোতে হাঁটছিল, এবং তারা একই উচ্চতা হওয়ায় একই গতিতে হাঁটছিল। যাইহোক, কাউবয় ভোরবেলা উঠেছিল এবং ৫ টায় হাঁটা শুরু করেছিল যেখানে হিপ্পি দুপুর ১ টায় হাঁটা শুরু করেছিল। এখন সন্ধ্যা ৭টা, অর্থাৎ?",Option 2,কাউবয় কম দূরত্ব ভ্রমণ করেছে,হিপ্পি কম দূরত্ব ভ্রমণ করেছে
396,"টেরি তার সাইকেলটি যাত্রার জন্য নিয়ে যায়, প্রথমে ১ সেকেন্ডে ৭ মিটার ঘাসের মাঠের মধ্য দিয়ে, তারপর ২ সেকেন্ডে ১২ মিটারের পাকা রাস্তা। পাকা রাস্তা ছিল?",Option 1,বেশী প্রতিরোধী,কম প্রতিরোধী
397,"ম্যামথটি ওয়াটারিং হোল দিয়ে ঘন্টায় ৩ কিমি বেগে চলেছিল, কিন্তু শক্ত ময়লার উপর ঘন্টায় ৯ কিমি বেগে চলেছিল কারণ শক্ত ময়লা ছিল?",Option 1,কম প্রতিরোধী,বেশী প্রতিরোধী
398,একটি বোলিং বলের ভর ২১ পাউন্ড এবং একটি বেসবলের ওজন ৯ পাউন্ড। কোনটির মাধ্যাকর্ষণ বল দুর্বল?,Option 1,বেসবল,বোলিং বল
399,"যদি একটি গাড়ি এবং একটি পিকআপ উভয়ই ৬০ মাইল বেগে ভ্রমণ করে, কিন্তু গাড়িটি ৫ মিনিট পরে থামে যেখানে পিকআপটি ৮ মিনিট পরে থামে, কোনটি কম দূরত্ব অতিক্রম করেছে?",Option 1,গাড়ী,পিকআপ
400,এলিয়ট একটি গুদামে কাজ করছে। তিনি লক্ষ্য করেন যে তিনি একটি হ্যান্ডকার্টকে সিমেন্টের উপর ২৪ মিটার/সেকেন্ড এবং কার্পেটে ১৭ মিটার/সেকেন্ড গতিতে ধাক্কা দিতে সক্ষম। কোথায় হ্যান্ডকার্টটি বেশী তাপ উৎপন্ন করবে?,Option 1,কার্পেট,সিমেন্ট